,time,logger,daily_max,daily_min,daily_mean
0,2022-07-17,1,30.862,15.282,23.411131944444445
1,2022-07-17,2,30.457,15.664,23.43223611111111
2,2022-07-17,3,,,
3,2022-07-17,4,,,
4,2022-07-17,5,,,
5,2022-07-17,6,,,
6,2022-07-17,7,31.37,15.951,23.93491666666667
7,2022-07-17,8,30.255,16.046,23.55993055555554
8,2022-07-17,9,30.457,14.038,22.87517361111112
9,2022-07-17,10,,,
10,2022-07-17,11,,,
11,2022-07-17,12,,,
12,2022-07-17,13,29.552,13.846,22.438465277777766
13,2022-07-17,14,30.862,15.76,24.094090277777774
14,2022-07-17,15,,,
15,2022-07-17,16,30.054,16.332,23.99788888888888
16,2022-07-17,17,29.752,14.709,22.88095138888889
17,2022-07-17,18,,,
18,2022-07-17,19,30.255,15.091,23.753861111111114
19,2022-07-17,20,,,
20,2022-07-17,21,30.457,15.378,23.33327777777778
21,2022-07-17,22,31.676,15.855,23.885569444444442
22,2022-07-17,23,30.659,14.23,22.887576388888895
23,2022-07-17,25,30.054,13.846,22.63652083333332
24,2022-07-17,26,29.853,15.855,23.551916666666667
25,2022-07-17,28,31.574,14.996,24.0175763888889
26,2022-07-17,29,,,
27,2022-07-17,30,30.558,15.76,23.935166666666657
28,2022-07-17,31,30.659,11.819,21.78380555555556
29,2022-07-17,32,28.258,13.846,21.45113888888889
30,2022-07-17,33,28.456,13.269,21.54276388888888
31,2022-07-17,34,31.166,15.855,23.651555555555568
32,2022-07-17,35,,,
33,2022-07-17,36,31.064,16.523,23.757902777777776
34,2022-07-17,37,30.457,16.237,23.772708333333345
35,2022-07-17,38,31.166,14.325,23.261541666666677
36,2022-07-17,39,30.76,14.613,23.201680555555548
37,2022-07-17,40,,,
38,2022-07-17,41,,,
39,2022-07-17,42,30.255,16.618,23.817458333333335
40,2022-07-17,45,29.452,16.046,23.545819444444437
41,2022-07-17,46,,,
42,2022-07-17,47,,,
43,2022-07-17,48,29.752,14.613,22.633208333333343
44,2022-07-17,50,,,
45,2022-07-17,51,29.552,15.855,23.175388888888893
46,2022-07-17,52,29.452,9.866,20.712493055555555
47,2022-07-17,53,30.963,16.332,23.576840277777777
48,2022-07-17,54,,,
49,2022-07-17,55,30.659,16.141,23.881687500000005
50,2022-07-17,57,31.166,14.9,24.085062500000006
51,2022-07-17,58,29.452,13.076,22.12619444444444
52,2022-07-17,59,30.154,13.942,22.89324305555556
53,2022-07-17,60,,,
54,2022-07-17,61,31.472,16.046,23.364923611111127
55,2022-07-17,62,31.166,14.421,22.733645833333348
56,2022-07-17,63,,,
57,2022-07-17,64,,,
58,2022-07-17,65,31.064,11.819,22.274798611111116
59,2022-07-17,68,30.963,15.569,23.98919444444446
60,2022-07-17,69,31.983,14.517,23.557284722222228
61,2022-07-17,70,30.154,16.427,24.110430555555556
62,2022-07-17,71,30.862,15.951,23.76656944444445
63,2022-07-17,73,30.659,15.091,23.570166666666676
64,2022-07-17,74,,,
65,2022-07-17,76,31.37,13.269,22.759499999999992
66,2022-07-17,77,,,
67,2022-07-17,78,30.457,14.613,22.928159722222237
68,2022-07-17,79,30.558,9.965,21.507972222222218
69,2022-07-17,80,32.291,13.942,23.20048611111111
70,2022-07-17,82,32.394,14.804,24.10731944444445
71,2022-07-17,83,30.963,15.282,23.75103472222223
72,2022-07-17,85,,,
73,2022-07-17,86,31.37,14.709,23.296722222222233
74,2022-07-17,87,29.452,14.517,21.864291666666656
75,2022-07-17,97,,,
76,2022-07-17,98,29.853,13.461,22.045479166666667
77,2022-07-17,99,29.552,13.75,22.00530555555554
78,2022-07-17,101,27.764,14.613,21.904444444444433
79,2022-07-17,102,31.268,15.378,23.448861111111114
80,2022-07-17,110,30.659,16.237,23.731993055555556
81,2022-07-17,111,,,
82,2022-07-17,112,30.255,15.76,23.444680555555564
83,2022-07-17,113,30.457,16.237,23.55590277777778
84,2022-07-17,114,31.574,16.427,23.994541666666677
85,2022-07-17,115,30.76,16.332,23.90929861111112
86,2022-07-17,116,30.659,15.76,23.11711111111111
87,2022-07-17,117,30.255,10.944,20.850187500000008
88,2022-07-17,118,31.268,15.473,23.99654861111112
89,2022-07-17,119,,,
90,2022-07-17,122,32.807,16.332,24.428506944444443
91,2022-07-17,124,30.457,15.951,23.862784722222216
92,2022-07-17,125,30.659,16.046,23.878930555555556
93,2022-07-17,131,32.704,14.613,23.720458333333344
94,2022-07-17,132,32.188,14.517,23.800013888888888
95,2022-07-17,133,30.255,14.134,22.862340277777783
96,2022-07-17,141,30.255,14.517,22.959618055555566
97,2022-07-17,142,30.862,14.421,22.91012500000001
98,2022-07-17,143,30.457,15.091,23.02565277777778
99,2022-07-17,151,29.953,15.664,23.515951388888894
100,2022-07-17,152,31.268,15.569,24.023895833333334
101,2022-07-17,153,30.76,14.996,23.26922916666667
102,2022-07-17,154,30.054,14.23,22.847333333333335
103,2022-07-17,155,30.659,14.613,23.51100000000001
104,2022-07-18,1,34.163,15.951,25.21916666666667
105,2022-07-18,2,34.058,16.237,24.916361111111122
106,2022-07-18,3,,,
107,2022-07-18,4,,,
108,2022-07-18,5,,,
109,2022-07-18,6,,,
110,2022-07-18,7,33.953,17.094,25.61652083333334
111,2022-07-18,8,33.014,16.523,25.36984027777778
112,2022-07-18,9,33.848,14.613,24.325090277777782
113,2022-07-18,10,,,
114,2022-07-18,11,,,
115,2022-07-18,12,,,
116,2022-07-18,13,32.704,14.421,23.654486111111105
117,2022-07-18,14,34.374,16.903,25.79590277777777
118,2022-07-18,15,,,
119,2022-07-18,16,33.43,17.475,25.83484027777777
120,2022-07-18,17,33.222,15.569,24.3218125
121,2022-07-18,18,,,
122,2022-07-18,19,33.222,15.951,25.327000000000012
123,2022-07-18,20,,,
124,2022-07-18,21,33.848,16.237,25.024576388888878
125,2022-07-18,22,34.796,16.808,25.378652777777763
126,2022-07-18,23,33.118,15.378,24.309583333333336
127,2022-07-18,25,32.911,14.421,24.276152777777796
128,2022-07-18,26,32.807,17.189,25.286972222222218
129,2022-07-18,28,34.479,16.332,25.47195833333333
130,2022-07-18,29,,,
131,2022-07-18,30,33.43,16.713,25.65369444444444
132,2022-07-18,31,33.535,12.304,23.398840277777783
133,2022-07-18,32,31.574,13.654,22.807833333333335
134,2022-07-18,33,31.268,14.613,23.053152777777782
135,2022-07-18,34,34.691,16.713,25.226041666666664
136,2022-07-18,35,,,
137,2022-07-18,36,34.374,17.475,25.478375000000003
138,2022-07-18,37,33.848,16.427,25.41642361111112
139,2022-07-18,38,34.374,15.282,24.9014375
140,2022-07-18,39,34.163,14.9,24.85190277777778
141,2022-07-18,40,,,
142,2022-07-18,41,,,
143,2022-07-18,42,33.118,17.76,25.286250000000006
144,2022-07-18,45,32.6,17.094,25.28080555555555
145,2022-07-18,46,,,
146,2022-07-18,47,,,
147,2022-07-18,48,32.807,14.804,24.506840277777766
148,2022-07-18,50,,,
149,2022-07-18,51,32.6,16.523,25.038333333333334
150,2022-07-18,52,32.704,9.866,21.59835416666667
151,2022-07-18,53,34.691,16.713,25.40534027777778
152,2022-07-18,54,,,
153,2022-07-18,55,33.953,16.427,25.654284722222236
154,2022-07-18,57,34.903,16.141,25.536159722222205
155,2022-07-18,58,32.6,13.942,23.533888888888892
156,2022-07-18,59,33.43,14.517,24.442868055555564
157,2022-07-18,60,,,
158,2022-07-18,61,35.009,14.325,24.759555555555544
159,2022-07-18,62,34.268,14.038,24.221069444444446
160,2022-07-18,63,,,
161,2022-07-18,64,,,
162,2022-07-18,65,33.639,12.013,22.981395833333316
163,2022-07-18,68,34.058,17.094,25.778694444444454
164,2022-07-18,69,34.903,15.187,25.05228472222221
165,2022-07-18,70,33.326,17.189,25.926708333333334
166,2022-07-18,71,34.163,16.808,25.496694444444447
167,2022-07-18,73,33.848,16.046,25.024736111111114
168,2022-07-18,74,,,
169,2022-07-18,76,34.268,14.421,24.298472222222227
170,2022-07-18,77,,,
171,2022-07-18,78,33.639,15.569,24.329423611111107
172,2022-07-18,79,33.848,11.528,23.35149305555556
173,2022-07-18,80,35.222,15.091,24.60859722222222
174,2022-07-18,82,35.542,16.237,25.606388888888873
175,2022-07-18,83,34.374,16.141,25.272548611111112
176,2022-07-18,85,,,
177,2022-07-18,86,34.268,15.378,24.855208333333323
178,2022-07-18,87,33.222,14.804,23.113708333333335
179,2022-07-18,97,,,
180,2022-07-18,98,32.911,12.497,23.322354166666667
181,2022-07-18,99,32.704,13.076,23.431576388888875
182,2022-07-18,101,31.166,14.709,23.423680555555556
183,2022-07-18,102,34.479,16.237,25.119423611111092
184,2022-07-18,110,33.953,16.427,25.623562500000006
185,2022-07-18,111,,,
186,2022-07-18,112,33.743,15.76,25.23524305555555
187,2022-07-18,113,33.743,16.427,25.205354166666663
188,2022-07-18,114,34.903,16.237,25.64983333333333
189,2022-07-18,115,34.268,16.237,25.578319444444443
190,2022-07-18,116,34.268,14.517,24.604868055555553
191,2022-07-18,117,33.326,13.461,22.817763888888898
192,2022-07-18,118,34.479,16.713,25.62632638888888
193,2022-07-18,119,,,
194,2022-07-18,122,35.971,17.284,25.963666666666654
195,2022-07-18,124,33.743,17.094,25.59827777777778
196,2022-07-18,125,34.163,17.094,25.653951388888895
197,2022-07-18,131,35.864,15.282,24.984381944444433
198,2022-07-18,132,35.222,15.282,24.99190277777778
199,2022-07-18,133,33.014,14.9,23.840659722222213
200,2022-07-18,141,33.43,14.9,24.826770833333335
201,2022-07-18,142,34.163,14.709,24.37681944444445
202,2022-07-18,143,33.639,15.569,24.74164583333334
203,2022-07-18,151,33.43,16.332,25.066041666666674
204,2022-07-18,152,34.268,15.951,25.483006944444444
205,2022-07-18,153,33.743,15.378,24.698722222222226
206,2022-07-18,154,33.014,14.9,24.503194444444425
207,2022-07-18,155,34.058,14.709,24.738534722222216
208,2022-07-19,1,37.165,15.855,26.71619444444444
209,2022-07-19,2,36.728,16.808,26.481173611111107
210,2022-07-19,3,,,
211,2022-07-19,4,,,
212,2022-07-19,5,,,
213,2022-07-19,6,,,
214,2022-07-19,7,38.046,17.189,27.19086805555553
215,2022-07-19,8,36.079,17.094,26.933680555555533
216,2022-07-19,9,35.971,14.804,25.74893055555555
217,2022-07-19,10,,,
218,2022-07-19,11,,,
219,2022-07-19,12,,,
220,2022-07-19,13,35.009,14.613,24.825472222222214
221,2022-07-19,14,37.935,16.999,27.351479166666653
222,2022-07-19,15,,,
223,2022-07-19,16,36.079,17.855,27.570326388888862
224,2022-07-19,17,35.649,15.76,25.81026388888887
225,2022-07-19,18,,,
226,2022-07-19,19,36.403,16.523,27.01891666666667
227,2022-07-19,20,,,
228,2022-07-19,21,35.864,16.523,26.597138888888875
229,2022-07-19,22,37.055,17.284,26.71525694444444
230,2022-07-19,23,37.165,15.855,25.964097222222225
231,2022-07-19,25,35.864,14.613,25.74176388888888
232,2022-07-19,26,35.542,17.475,26.793951388888882
233,2022-07-19,28,37.055,16.903,26.87913888888889
234,2022-07-19,29,,,
235,2022-07-19,30,37.274,17.284,27.509916666666644
236,2022-07-19,31,36.511,12.497,24.654583333333328
237,2022-07-19,32,33.535,14.134,23.979368055555554
238,2022-07-19,33,33.535,14.996,24.3690763888889
239,2022-07-19,34,36.295,17.284,26.604604166666658
240,2022-07-19,35,,,
241,2022-07-19,36,36.62,17.95,26.899069444444432
242,2022-07-19,37,36.187,17.094,27.003854166666667
243,2022-07-19,38,37.055,15.664,26.268875000000005
244,2022-07-19,39,36.728,15.378,26.27502083333332
245,2022-07-19,40,,,
246,2022-07-19,41,,,
247,2022-07-19,42,35.649,18.14,26.64199999999998
248,2022-07-19,45,36.403,17.379,26.965381944444424
249,2022-07-19,46,,,
250,2022-07-19,47,,,
251,2022-07-19,48,35.756,15.664,26.187194444444433
252,2022-07-19,50,,,
253,2022-07-19,51,35.542,16.903,26.716729166666664
254,2022-07-19,52,35.435,9.669,23.03971527777777
255,2022-07-19,53,36.62,17.855,27.042437499999988
256,2022-07-19,54,,,
257,2022-07-19,55,36.837,17.284,27.438597222222217
258,2022-07-19,57,36.946,16.903,26.89232638888888
259,2022-07-19,58,35.222,14.038,24.925194444444426
260,2022-07-19,59,35.971,14.421,25.975999999999996
261,2022-07-19,60,,,
262,2022-07-19,61,36.295,14.804,25.736798611111105
263,2022-07-19,62,37.384,14.517,25.53215277777776
264,2022-07-19,63,,,
265,2022-07-19,64,,,
266,2022-07-19,65,35.971,12.304,24.057666666666663
267,2022-07-19,68,36.403,17.189,27.377805555555543
268,2022-07-19,69,37.714,15.473,26.4767986111111
269,2022-07-19,70,36.62,17.57,27.6834236111111
270,2022-07-19,71,36.62,17.57,26.92636805555553
271,2022-07-19,73,36.187,16.332,26.477354166666654
272,2022-07-19,74,,,
273,2022-07-19,76,36.946,14.613,25.814277777777768
274,2022-07-19,77,,,
275,2022-07-19,78,36.187,15.951,25.505069444444437
276,2022-07-19,79,36.403,11.528,24.742958333333338
277,2022-07-19,80,37.384,15.378,25.94422916666666
278,2022-07-19,82,37.165,16.618,26.811569444444444
279,2022-07-19,83,36.62,16.523,26.88074305555555
280,2022-07-19,85,,,
281,2022-07-19,86,37.165,15.76,26.36114583333333
282,2022-07-19,87,35.435,15.378,24.606729166666653
283,2022-07-19,97,,,
284,2022-07-19,98,36.62,12.883,24.956152777777778
285,2022-07-19,99,36.187,13.461,25.09375694444444
286,2022-07-19,101,32.291,15.091,24.32821527777778
287,2022-07-19,102,37.494,17.094,26.723444444444432
288,2022-07-19,110,36.946,17.094,27.337291666666665
289,2022-07-19,111,,,
290,2022-07-19,112,36.728,16.618,26.861402777777776
291,2022-07-19,113,36.295,16.999,26.76370833333333
292,2022-07-19,114,37.165,16.523,27.116993055555543
293,2022-07-19,115,36.728,16.523,27.091854166666653
294,2022-07-19,116,36.511,14.709,25.818465277777776
295,2022-07-19,117,34.479,12.98,24.011680555555554
296,2022-07-19,118,37.165,16.713,27.097368055555542
297,2022-07-19,119,,,
298,2022-07-19,122,37.714,17.95,27.489243055555526
299,2022-07-19,124,37.055,17.57,27.160354166666654
300,2022-07-19,125,36.511,17.665,27.23397916666665
301,2022-07-19,131,37.935,15.76,26.420527777777775
302,2022-07-19,132,37.274,15.664,26.424993055555543
303,2022-07-19,133,34.585,15.187,24.62456944444444
304,2022-07-19,141,36.295,15.855,26.276152777777774
305,2022-07-19,142,35.864,15.091,25.695159722222215
306,2022-07-19,143,36.511,16.141,26.25366666666666
307,2022-07-19,151,36.403,16.903,26.791152777777764
308,2022-07-19,152,37.274,16.618,27.024638888888884
309,2022-07-19,153,36.837,15.855,26.29388194444443
310,2022-07-19,154,35.542,15.664,26.006993055555547
311,2022-07-19,155,36.946,15.187,26.11899999999999
312,2022-07-20,1,31.064,19.472,24.53584722222223
313,2022-07-20,2,29.853,19.948,24.289250000000013
314,2022-07-20,3,,,
315,2022-07-20,4,,,
316,2022-07-20,5,,,
317,2022-07-20,6,,,
318,2022-07-20,7,32.086,20.138,24.96511805555554
319,2022-07-20,8,31.064,19.662,24.603805555555553
320,2022-07-20,9,30.457,19.472,23.592541666666662
321,2022-07-20,10,,,
322,2022-07-20,11,,,
323,2022-07-20,12,,,
324,2022-07-20,13,31.37,19.092,23.588215277777792
325,2022-07-20,14,32.291,19.853,24.893527777777788
326,2022-07-20,15,,,
327,2022-07-20,16,31.268,20.043,25.079326388888873
328,2022-07-20,17,30.255,18.806,23.522666666666666
329,2022-07-20,18,,,
330,2022-07-20,19,32.497,19.187,24.544618055555542
331,2022-07-20,20,,,
332,2022-07-20,21,31.676,20.043,24.797180555555535
333,2022-07-20,22,31.676,20.043,24.595368055555554
334,2022-07-20,23,32.394,18.616,24.23140277777777
335,2022-07-20,25,31.064,19.377,24.180125000000004
336,2022-07-20,26,29.853,19.853,24.606986111111112
337,2022-07-20,28,31.574,19.758,24.67153472222219
338,2022-07-20,29,,,
339,2022-07-20,30,32.6,19.567,25.044888888888888
340,2022-07-20,31,30.659,19.282,23.6068611111111
341,2022-07-20,32,26.977,18.806,21.881409722222223
342,2022-07-20,33,29.152,18.616,22.801749999999995
343,2022-07-20,34,31.166,19.853,24.49866666666667
344,2022-07-20,35,,,
345,2022-07-20,36,31.37,19.948,24.60962500000001
346,2022-07-20,37,31.268,19.662,24.544666666666657
347,2022-07-20,38,31.778,19.187,24.22632638888889
348,2022-07-20,39,30.154,19.758,24.06401388888888
349,2022-07-20,40,,,
350,2022-07-20,41,,,
351,2022-07-20,42,29.953,20.424,24.86441666666666
352,2022-07-20,45,30.862,20.138,24.803312499999986
353,2022-07-20,46,,,
354,2022-07-20,47,,,
355,2022-07-20,48,30.154,18.616,23.55908333333334
356,2022-07-20,50,,,
357,2022-07-20,51,30.255,19.758,24.151416666666655
358,2022-07-20,52,29.652,16.808,22.28963888888889
359,2022-07-20,53,31.064,19.662,24.56112499999999
360,2022-07-20,54,,,
361,2022-07-20,55,31.472,19.948,25.138194444444448
362,2022-07-20,57,31.166,19.662,24.577243055555545
363,2022-07-20,58,31.166,18.806,23.687618055555564
364,2022-07-20,59,30.76,19.472,23.669041666666658
365,2022-07-20,60,,,
366,2022-07-20,61,29.652,19.567,23.50336805555555
367,2022-07-20,62,31.472,19.472,23.40602083333333
368,2022-07-20,63,,,
369,2022-07-20,64,,,
370,2022-07-20,65,31.472,18.236,23.02710416666666
371,2022-07-20,68,30.457,19.948,24.745180555555546
372,2022-07-20,69,31.472,19.567,24.171604166666658
373,2022-07-20,70,30.862,20.043,25.147756944444453
374,2022-07-20,71,31.064,19.853,24.69057638888888
375,2022-07-20,73,31.472,19.567,24.271312499999997
376,2022-07-20,74,,,
377,2022-07-20,76,32.704,19.472,24.01679861111111
378,2022-07-20,77,,,
379,2022-07-20,78,30.963,19.853,23.953736111111105
380,2022-07-20,79,32.497,18.521,23.369916666666665
381,2022-07-20,80,33.118,19.377,23.978374999999996
382,2022-07-20,82,31.676,19.472,24.397583333333333
383,2022-07-20,83,32.291,19.282,24.524097222222213
384,2022-07-20,85,,,
385,2022-07-20,86,32.394,19.377,24.42036111111111
386,2022-07-20,87,30.659,19.567,23.005583333333313
387,2022-07-20,97,,,
388,2022-07-20,98,30.862,18.711,23.194430555555552
389,2022-07-20,99,29.853,18.711,23.17834027777777
390,2022-07-20,101,27.665,18.901,22.887902777777775
391,2022-07-20,102,31.472,19.282,24.276194444444446
392,2022-07-20,110,31.166,19.662,24.74725694444446
393,2022-07-20,111,,,
394,2022-07-20,112,29.652,19.853,24.428430555555547
395,2022-07-20,113,29.752,20.043,24.424423611111116
396,2022-07-20,114,30.76,19.948,24.508694444444444
397,2022-07-20,115,30.76,19.853,24.529562499999994
398,2022-07-20,116,28.953,19.472,23.40395833333333
399,2022-07-20,117,30.76,18.14,22.955729166666654
400,2022-07-20,118,31.472,19.758,24.72780555555556
401,2022-07-20,119,,,
402,2022-07-20,122,31.166,20.043,25.016958333333317
403,2022-07-20,124,30.862,20.043,24.830777777777776
404,2022-07-20,125,30.76,20.043,24.87109027777777
405,2022-07-20,131,32.807,19.662,24.2650625
406,2022-07-20,132,33.014,19.567,24.340763888888883
407,2022-07-20,133,30.457,19.377,23.26116666666665
408,2022-07-20,141,31.37,18.711,23.975673611111105
409,2022-07-20,142,30.054,18.806,23.65306944444443
410,2022-07-20,143,30.054,18.806,23.632194444444444
411,2022-07-20,151,31.064,19.662,24.673965277777757
412,2022-07-20,152,33.014,19.472,25.022902777777777
413,2022-07-20,153,32.394,19.282,24.646798611111116
414,2022-07-20,154,31.778,18.521,24.165881944444433
415,2022-07-20,155,31.88,19.377,24.568541666666665
416,2022-07-21,1,29.853,19.377,23.631388888888893
417,2022-07-21,2,30.862,19.092,23.79502777777778
418,2022-07-21,3,,,
419,2022-07-21,4,,,
420,2022-07-21,5,,,
421,2022-07-21,6,,,
422,2022-07-21,7,31.064,19.567,24.079583333333346
423,2022-07-21,8,29.352,19.282,23.609611111111104
424,2022-07-21,9,29.752,18.806,23.253888888888884
425,2022-07-21,10,,,
426,2022-07-21,11,,,
427,2022-07-21,12,,,
428,2022-07-21,13,28.555,18.711,23.00083333333333
429,2022-07-21,14,30.659,19.282,24.234368055555567
430,2022-07-21,15,,,
431,2022-07-21,16,29.752,19.377,24.014576388888877
432,2022-07-21,17,29.452,18.521,22.689708333333325
433,2022-07-21,18,,,
434,2022-07-21,19,29.953,18.711,23.64896527777777
435,2022-07-21,20,,,
436,2022-07-21,21,30.255,19.472,24.17045138888888
437,2022-07-21,22,31.064,19.472,24.051
438,2022-07-21,23,30.457,18.331,23.340534722222227
439,2022-07-21,25,29.152,18.426,23.372048611111108
440,2022-07-21,26,28.853,19.377,23.53819444444443
441,2022-07-21,28,30.154,19.282,24.073444444444455
442,2022-07-21,29,,,
443,2022-07-21,30,30.558,19.187,24.10560416666668
444,2022-07-21,31,29.853,18.426,23.22761111111111
445,2022-07-21,32,26.585,18.331,21.559430555555547
446,2022-07-21,33,26.585,18.426,21.619104166666666
447,2022-07-21,34,29.652,19.092,23.55122222222223
448,2022-07-21,35,,,
449,2022-07-21,36,30.76,19.472,23.777625
450,2022-07-21,37,29.752,19.377,23.855541666666667
451,2022-07-21,38,30.963,18.236,23.527388888888893
452,2022-07-21,39,30.255,19.282,23.75825
453,2022-07-21,40,,,
454,2022-07-21,41,,,
455,2022-07-21,42,29.853,19.853,23.787770833333326
456,2022-07-21,45,29.452,19.472,23.769840277777774
457,2022-07-21,46,,,
458,2022-07-21,47,,,
459,2022-07-21,48,29.452,18.331,23.09657638888889
460,2022-07-21,50,,,
461,2022-07-21,51,29.552,18.806,23.563493055555554
462,2022-07-21,52,29.552,16.808,22.722374999999985
463,2022-07-21,53,30.659,19.472,23.65163194444445
464,2022-07-21,54,,,
465,2022-07-21,55,29.853,19.377,24.14997916666666
466,2022-07-21,57,30.457,19.092,24.00186805555556
467,2022-07-21,58,28.853,18.711,22.90388194444445
468,2022-07-21,59,29.552,18.711,23.451999999999988
469,2022-07-21,60,,,
470,2022-07-21,61,30.457,19.187,23.5863125
471,2022-07-21,62,31.166,19.282,24.009833333333347
472,2022-07-21,63,,,
473,2022-07-21,64,,,
474,2022-07-21,65,30.457,18.331,23.23447916666666
475,2022-07-21,68,29.853,19.092,23.762347826086962
476,2022-07-21,69,31.574,18.711,23.960020833333346
477,2022-07-21,70,30.356,19.472,24.054090277777767
478,2022-07-21,71,30.054,19.092,23.644368055555546
479,2022-07-21,73,29.953,19.092,23.704277777777783
480,2022-07-21,74,,,
481,2022-07-21,76,30.457,18.711,23.701409722222223
482,2022-07-21,77,,,
483,2022-07-21,78,29.652,19.282,23.60022222222223
484,2022-07-21,79,29.652,18.521,23.26837499999999
485,2022-07-21,80,31.676,18.901,23.654270833333317
486,2022-07-21,82,30.659,18.901,23.961576388888897
487,2022-07-21,83,29.953,19.092,23.552201388888882
488,2022-07-21,85,,,
489,2022-07-21,86,30.457,18.901,23.76223611111112
490,2022-07-21,87,30.457,19.282,23.29852777777777
491,2022-07-21,97,,,
492,2022-07-21,98,29.053,18.616,23.156097222222215
493,2022-07-21,99,28.655,18.616,23.034145833333312
494,2022-07-21,101,25.902,18.045,21.405354166666665
495,2022-07-21,102,30.659,18.711,23.396812500000003
496,2022-07-21,110,29.953,19.282,23.87614583333334
497,2022-07-21,111,,,
498,2022-07-21,112,29.953,19.187,23.843777777777763
499,2022-07-21,113,30.054,19.282,23.715784722222214
500,2022-07-21,114,30.76,19.092,24.238388888888892
501,2022-07-21,115,29.853,18.806,23.928986111111104
502,2022-07-21,116,30.054,19.187,23.58863888888887
503,2022-07-21,117,28.953,17.475,21.932201388888892
504,2022-07-21,118,30.356,19.187,24.071777777777775
505,2022-07-21,119,,,
506,2022-07-21,122,30.659,19.662,24.22571527777778
507,2022-07-21,124,30.457,19.282,23.87258333333334
508,2022-07-21,125,29.953,19.472,23.934451388888895
509,2022-07-21,131,31.472,19.092,24.124638888888896
510,2022-07-21,132,31.064,18.996,23.950256944444455
511,2022-07-21,133,28.853,18.711,23.233673611111108
512,2022-07-21,141,29.652,18.806,23.324993055555545
513,2022-07-21,142,29.552,18.806,23.32798611111109
514,2022-07-21,143,29.552,18.711,23.171861111111102
515,2022-07-21,151,29.752,19.092,23.64331944444445
516,2022-07-21,152,30.659,19.092,24.06538888888888
517,2022-07-21,153,30.659,18.901,23.71999305555556
518,2022-07-21,154,28.853,18.14,23.27233333333335
519,2022-07-21,155,30.154,19.092,23.910465277777785
520,2022-07-22,1,34.268,16.618,25.146006944444444
521,2022-07-22,2,34.479,17.475,25.209048611111108
522,2022-07-22,3,,,
523,2022-07-22,4,,,
524,2022-07-22,5,,,
525,2022-07-22,6,,,
526,2022-07-22,7,34.163,18.045,25.801513888888877
527,2022-07-22,8,33.43,17.57,25.321055555555557
528,2022-07-22,9,33.222,15.569,24.472784722222215
529,2022-07-22,10,,,
530,2022-07-22,11,,,
531,2022-07-22,12,,,
532,2022-07-22,13,32.188,16.427,24.556756944444455
533,2022-07-22,14,35.222,17.855,26.020513888888882
534,2022-07-22,15,,,
535,2022-07-22,16,33.848,18.045,26.032180555555545
536,2022-07-22,17,33.43,16.618,24.657173611111105
537,2022-07-22,18,,,
538,2022-07-22,19,33.953,17.189,25.709569444444437
539,2022-07-22,20,,,
540,2022-07-22,21,33.743,17.379,25.711076388888902
541,2022-07-22,22,34.585,17.95,25.712916666666665
542,2022-07-22,23,34.585,16.713,25.056569444444435
543,2022-07-22,25,32.911,16.237,24.75427083333334
544,2022-07-22,26,33.014,18.14,25.288465277777778
545,2022-07-22,28,34.163,17.57,25.635826388888887
546,2022-07-22,29,,,
547,2022-07-22,30,34.691,17.665,26.181638888888884
548,2022-07-22,31,33.326,14.996,24.415465277777773
549,2022-07-22,32,30.054,15.187,22.703694444444448
550,2022-07-22,33,30.659,15.664,23.16444444444445
551,2022-07-22,34,33.326,17.855,25.163500000000006
552,2022-07-22,35,,,
553,2022-07-22,36,33.953,18.236,25.475999999999996
554,2022-07-22,37,33.535,17.379,25.50872222222222
555,2022-07-22,38,34.163,16.427,25.134124999999997
556,2022-07-22,39,33.639,16.141,24.818236111111105
557,2022-07-22,40,,,
558,2022-07-22,41,,,
559,2022-07-22,42,32.807,18.426,25.365527777777785
560,2022-07-22,45,33.014,18.045,25.510812500000007
561,2022-07-22,46,,,
562,2022-07-22,47,,,
563,2022-07-22,48,32.911,15.76,24.392395833333325
564,2022-07-22,50,,,
565,2022-07-22,51,32.911,17.379,25.13398611111111
566,2022-07-22,52,32.6,13.461,23.248861111111115
567,2022-07-22,53,34.374,17.665,25.375125
568,2022-07-22,54,,,
569,2022-07-22,55,33.743,17.855,25.898437499999996
570,2022-07-22,57,33.953,17.665,25.56940972222223
571,2022-07-22,58,32.807,15.76,24.32615972222222
572,2022-07-22,59,33.535,15.855,24.77254861111111
573,2022-07-22,60,,,
574,2022-07-22,61,33.639,15.76,24.354701388888895
575,2022-07-22,62,34.903,16.332,24.874284722222217
576,2022-07-22,63,,,
577,2022-07-22,64,,,
578,2022-07-22,65,32.911,14.325,23.78890277777778
579,2022-07-22,68,33.953,17.76,25.7848611111111
580,2022-07-22,69,35.009,16.618,25.38729861111111
581,2022-07-22,70,33.953,18.236,26.09480555555555
582,2022-07-22,71,33.743,17.855,25.37975
583,2022-07-22,73,33.639,17.189,25.342749999999995
584,2022-07-22,74,,,
585,2022-07-22,76,34.268,16.141,25.156243055555557
586,2022-07-22,77,,,
587,2022-07-22,78,33.222,17.379,24.96583333333333
588,2022-07-22,79,33.953,14.23,24.44073611111112
589,2022-07-22,80,34.903,16.332,25.137006944444426
590,2022-07-22,82,34.268,17.094,25.50868055555556
591,2022-07-22,83,33.953,16.808,25.426743055555548
592,2022-07-22,85,,,
593,2022-07-22,86,34.268,16.808,25.344034722222215
594,2022-07-22,87,33.43,16.903,24.159486111111114
595,2022-07-22,97,,,
596,2022-07-22,98,33.222,14.517,23.899444444444445
597,2022-07-22,99,32.911,14.804,23.880597222222217
598,2022-07-22,101,29.352,16.332,23.137756944444433
599,2022-07-22,102,35.115,17.284,25.259229166666653
600,2022-07-22,110,34.058,17.76,25.536687499999985
601,2022-07-22,111,,,
602,2022-07-22,112,33.535,17.094,25.240083333333338
603,2022-07-22,113,33.743,17.475,25.15852083333333
604,2022-07-22,114,34.585,17.189,25.62224305555554
605,2022-07-22,115,33.953,17.284,25.556243055555555
606,2022-07-22,116,33.953,15.855,24.617250000000006
607,2022-07-22,117,32.497,13.942,22.99682638888889
608,2022-07-22,118,34.903,17.57,25.74244444444444
609,2022-07-22,119,,,
610,2022-07-22,122,33.848,18.426,25.656111111111105
611,2022-07-22,124,34.374,17.855,25.729784722222213
612,2022-07-22,125,34.796,18.14,25.798687499999993
613,2022-07-22,131,34.903,16.808,25.51304166666664
614,2022-07-22,132,34.268,16.808,25.67288888888888
615,2022-07-22,133,32.807,16.332,24.73111805555555
616,2022-07-22,141,33.222,15.855,24.858055555555552
617,2022-07-22,142,33.014,15.76,24.298666666666662
618,2022-07-22,143,33.014,16.808,24.47965972222221
619,2022-07-22,151,33.639,17.665,25.389972222222227
620,2022-07-22,152,34.691,17.379,25.97650694444443
621,2022-07-22,153,34.585,16.999,25.32747222222222
622,2022-07-22,154,32.807,16.427,24.803736111111107
623,2022-07-22,155,34.058,15.951,25.304361111111106
624,2022-07-23,1,28.555,18.426,22.518340277777757
625,2022-07-23,2,29.652,18.806,22.80477083333332
626,2022-07-23,3,,,
627,2022-07-23,4,,,
628,2022-07-23,5,,,
629,2022-07-23,6,,,
630,2022-07-23,7,29.053,19.187,23.378902777777764
631,2022-07-23,8,28.159,18.711,22.56008333333332
632,2022-07-23,9,28.258,18.14,22.281201388888878
633,2022-07-23,10,,,
634,2022-07-23,11,,,
635,2022-07-23,12,,,
636,2022-07-23,13,27.468,18.331,22.230569444444427
637,2022-07-23,14,29.853,19.282,23.472493055555553
638,2022-07-23,15,,,
639,2022-07-23,16,29.053,19.282,23.29672916666665
640,2022-07-23,17,28.06,18.14,21.786479166666656
641,2022-07-23,18,,,
642,2022-07-23,19,28.655,18.806,22.70298611111111
643,2022-07-23,20,,,
644,2022-07-23,21,28.258,19.472,23.08066666666665
645,2022-07-23,22,29.452,19.282,23.2432986111111
646,2022-07-23,23,29.352,18.521,22.520756944444436
647,2022-07-23,25,28.06,18.521,22.356409722222217
648,2022-07-23,26,27.665,19.092,22.80295833333333
649,2022-07-23,28,29.053,19.187,23.26871527777776
650,2022-07-23,29,,,
651,2022-07-23,30,29.752,18.996,23.292020833333325
652,2022-07-23,31,28.357,18.236,22.151895833333327
653,2022-07-23,32,24.931,17.665,20.501583333333322
654,2022-07-23,33,25.513,17.95,20.912243055555564
655,2022-07-23,34,28.456,18.901,22.75941666666666
656,2022-07-23,35,,,
657,2022-07-23,36,28.953,18.996,22.946868055555548
658,2022-07-23,37,28.555,18.901,22.688770833333315
659,2022-07-23,38,29.452,18.14,22.424041666666653
660,2022-07-23,39,29.053,18.616,22.495069444444418
661,2022-07-23,40,,,
662,2022-07-23,41,,,
663,2022-07-23,42,27.961,19.567,23.3042222222222
664,2022-07-23,45,27.862,19.187,23.046652777777766
665,2022-07-23,46,,,
666,2022-07-23,47,,,
667,2022-07-23,48,28.357,17.76,21.743062499999997
668,2022-07-23,50,,,
669,2022-07-23,51,27.567,18.616,22.437868055555544
670,2022-07-23,52,28.258,17.379,21.78588194444444
671,2022-07-23,53,29.152,18.901,22.698986111111093
672,2022-07-23,54,,,
673,2022-07-23,55,29.152,18.901,22.987791666666656
674,2022-07-23,57,29.252,18.901,23.15834722222222
675,2022-07-23,58,27.961,18.616,22.238833333333325
676,2022-07-23,59,28.655,18.236,22.336715277777774
677,2022-07-23,60,,,
678,2022-07-23,61,28.555,18.521,22.4204375
679,2022-07-23,62,29.652,18.521,22.554708333333323
680,2022-07-23,63,,,
681,2022-07-23,64,,,
682,2022-07-23,65,29.853,18.045,22.112729166666668
683,2022-07-23,68,29.053,18.711,22.911777777777758
684,2022-07-23,69,29.752,18.616,22.839375
685,2022-07-23,70,28.06,19.187,23.147770833333322
686,2022-07-23,71,28.754,19.187,23.09120833333333
687,2022-07-23,73,28.853,18.901,22.819611111111094
688,2022-07-23,74,,,
689,2022-07-23,76,28.953,18.711,22.789125
690,2022-07-23,77,,,
691,2022-07-23,78,28.555,19.282,22.80296527777777
692,2022-07-23,79,28.555,18.806,23.059590277777772
693,2022-07-23,80,29.652,18.711,22.78534027777776
694,2022-07-23,82,29.252,18.806,23.023062499999998
695,2022-07-23,83,28.754,18.616,22.475430555555544
696,2022-07-23,85,,,
697,2022-07-23,86,29.252,18.996,22.989520833333316
698,2022-07-23,87,29.352,18.711,22.339090277777775
699,2022-07-23,97,,,
700,2022-07-23,98,28.456,17.855,21.91483333333333
701,2022-07-23,99,27.764,17.95,21.832451388888884
702,2022-07-23,101,24.545,17.95,20.683291666666676
703,2022-07-23,102,29.252,18.521,22.524930555555546
704,2022-07-23,110,28.754,18.711,22.690451388888867
705,2022-07-23,111,,,
706,2022-07-23,112,28.456,18.711,22.650249999999986
707,2022-07-23,113,29.152,18.901,22.720819444444434
708,2022-07-23,114,29.552,18.806,23.01310416666665
709,2022-07-23,115,28.754,18.711,22.694486111111097
710,2022-07-23,116,28.555,18.616,22.335513888888876
711,2022-07-23,117,27.862,17.284,21.46302777777778
712,2022-07-23,118,29.352,19.092,23.22931249999999
713,2022-07-23,119,,,
714,2022-07-23,122,30.558,18.996,23.361111111111104
715,2022-07-23,124,28.754,19.282,23.270298611111095
716,2022-07-23,125,28.456,19.377,23.177666666666646
717,2022-07-23,131,30.255,18.996,23.12391666666666
718,2022-07-23,132,29.252,18.806,22.868118055555545
719,2022-07-23,133,27.862,18.616,22.371173611111104
720,2022-07-23,141,28.953,17.855,22.15155555555555
721,2022-07-23,142,28.853,18.14,22.105222222222224
722,2022-07-23,143,28.357,18.236,22.046243055555554
723,2022-07-23,151,28.456,19.092,22.771645833333334
724,2022-07-23,152,29.652,19.092,23.13832638888888
725,2022-07-23,153,29.152,18.996,22.912645833333322
726,2022-07-23,154,28.159,18.426,22.356145833333326
727,2022-07-23,155,29.152,19.092,22.99993749999998
728,2022-07-24,1,32.291,17.665,24.707673611111126
729,2022-07-24,2,32.188,17.855,24.744284722222236
730,2022-07-24,3,,,
731,2022-07-24,4,,,
732,2022-07-24,5,,,
733,2022-07-24,6,,,
734,2022-07-24,7,32.086,18.806,25.302972222222238
735,2022-07-24,8,31.166,18.331,25.109263888888893
736,2022-07-24,9,30.963,16.427,24.012847222222238
737,2022-07-24,10,,,
738,2022-07-24,11,,,
739,2022-07-24,12,,,
740,2022-07-24,13,30.457,16.903,24.10881250000001
741,2022-07-24,14,32.911,18.901,25.84202083333334
742,2022-07-24,15,,,
743,2022-07-24,16,31.574,19.187,25.70554166666668
744,2022-07-24,17,30.558,17.57,24.250104166666674
745,2022-07-24,18,,,
746,2022-07-24,19,31.268,18.14,25.326215277777788
747,2022-07-24,20,,,
748,2022-07-24,21,30.558,18.331,25.150652777777786
749,2022-07-24,22,32.291,18.711,25.26914583333335
750,2022-07-24,23,31.676,17.379,24.35758333333334
751,2022-07-24,25,30.356,16.999,24.16865972222223
752,2022-07-24,26,30.154,18.806,24.781444444444436
753,2022-07-24,28,32.086,18.521,25.360618055555573
754,2022-07-24,29,,,
755,2022-07-24,30,32.807,18.616,25.898145833333356
756,2022-07-24,31,30.963,16.046,23.757201388888895
757,2022-07-24,32,28.357,15.951,22.26593055555554
758,2022-07-24,33,28.357,16.713,22.949270833333326
759,2022-07-24,34,31.472,18.521,24.986805555555563
760,2022-07-24,35,,,
761,2022-07-24,36,32.086,19.282,25.259958333333334
762,2022-07-24,37,31.37,18.236,25.139270833333352
763,2022-07-24,38,32.291,17.379,24.779993055555565
764,2022-07-24,39,31.983,16.713,24.40334722222223
765,2022-07-24,40,,,
766,2022-07-24,41,,,
767,2022-07-24,42,31.88,19.758,25.196791666666673
768,2022-07-24,45,30.558,18.996,25.155763888888902
769,2022-07-24,46,,,
770,2022-07-24,47,,,
771,2022-07-24,48,30.659,16.903,23.868562499999992
772,2022-07-24,50,,,
773,2022-07-24,51,30.76,18.045,24.760173611111103
774,2022-07-24,52,31.064,14.517,22.69333333333333
775,2022-07-24,53,31.88,18.711,25.104381944444455
776,2022-07-24,54,,,
777,2022-07-24,55,31.778,18.521,25.581840277777783
778,2022-07-24,57,32.394,18.331,25.42316666666667
779,2022-07-24,58,30.356,16.523,23.86155555555557
780,2022-07-24,59,31.268,16.523,24.215708333333342
781,2022-07-24,60,,,
782,2022-07-24,61,32.086,17.094,24.231027777777783
783,2022-07-24,62,32.6,17.284,24.59049999999998
784,2022-07-24,63,,,
785,2022-07-24,64,,,
786,2022-07-24,65,31.676,15.76,23.70052083333334
787,2022-07-24,68,32.188,18.616,25.616125000000004
788,2022-07-24,69,33.118,17.379,25.138944444444448
789,2022-07-24,70,31.37,19.092,25.687430555555558
790,2022-07-24,71,31.268,18.616,25.18483333333334
791,2022-07-24,73,31.778,18.236,25.072763888888893
792,2022-07-24,74,,,
793,2022-07-24,76,31.88,16.999,24.660680555555555
794,2022-07-24,77,,,
795,2022-07-24,78,31.88,18.14,24.761048611111125
796,2022-07-24,79,31.268,15.664,24.157777777777792
797,2022-07-24,80,32.704,17.379,24.89071527777778
798,2022-07-24,82,32.704,18.045,25.51540972222224
799,2022-07-24,83,31.676,17.95,25.104500000000016
800,2022-07-24,85,,,
801,2022-07-24,86,31.983,17.665,25.030402777777788
802,2022-07-24,87,31.064,17.76,23.369638888888897
803,2022-07-24,97,,,
804,2022-07-24,98,30.659,15.855,23.550527777777788
805,2022-07-24,99,30.356,16.046,23.502576388888897
806,2022-07-24,101,27.468,16.999,22.736458333333317
807,2022-07-24,102,32.6,17.95,24.9305625
808,2022-07-24,110,31.778,18.426,25.27628472222224
809,2022-07-24,111,,,
810,2022-07-24,112,31.268,17.57,24.898944444444464
811,2022-07-24,113,31.778,18.236,24.943437500000005
812,2022-07-24,114,32.6,17.95,25.29510416666668
813,2022-07-24,115,31.676,17.76,25.163944444444457
814,2022-07-24,116,31.574,16.808,24.175645833333338
815,2022-07-24,117,30.862,16.046,22.90856944444444
816,2022-07-24,118,32.291,18.426,25.55467361111111
817,2022-07-24,119,,,
818,2022-07-24,122,31.88,18.901,25.443909722222216
819,2022-07-24,124,31.574,18.806,25.48909722222223
820,2022-07-24,125,31.778,18.806,25.53819444444444
821,2022-07-24,131,33.118,17.76,25.222083333333316
822,2022-07-24,132,32.394,17.665,25.258902777777795
823,2022-07-24,133,30.558,17.284,24.39220833333333
824,2022-07-24,141,31.472,16.999,24.640868055555572
825,2022-07-24,142,31.268,16.999,23.83993055555557
826,2022-07-24,143,31.574,17.855,24.38327083333335
827,2022-07-24,151,30.862,18.331,24.981826388888905
828,2022-07-24,152,31.983,18.14,25.53885416666668
829,2022-07-24,153,31.88,17.76,24.848298611111122
830,2022-07-24,154,31.064,17.284,24.39056250000002
831,2022-07-24,155,31.88,17.379,25.126888888888896
832,2022-07-25,1,35.115,17.95,26.444739130434773
833,2022-07-25,2,35.115,18.711,26.53909027777775
834,2022-07-25,3,,,
835,2022-07-25,4,,,
836,2022-07-25,5,,,
837,2022-07-25,6,,,
838,2022-07-25,7,35.971,19.282,27.121108695652165
839,2022-07-25,8,35.222,19.377,26.845993055555553
840,2022-07-25,9,34.691,16.618,25.619855072463768
841,2022-07-25,10,,,
842,2022-07-25,11,,,
843,2022-07-25,12,,,
844,2022-07-25,13,34.268,18.14,26.016041666666656
845,2022-07-25,14,35.649,19.472,26.935992753623175
846,2022-07-25,15,,,
847,2022-07-25,16,35.435,20.043,27.49917391304347
848,2022-07-25,17,34.479,18.236,25.969055555555553
849,2022-07-25,18,,,
850,2022-07-25,19,35.328,18.806,27.01775694444444
851,2022-07-25,20,,,
852,2022-07-25,21,35.756,18.521,27.08027083333333
853,2022-07-25,22,35.328,19.282,26.711688405797073
854,2022-07-25,23,34.903,18.521,26.44570138888888
855,2022-07-25,25,34.479,17.57,26.083729166666668
856,2022-07-25,26,34.585,19.377,26.710036231884065
857,2022-07-25,28,35.649,19.377,26.799521739130416
858,2022-07-25,29,,,
859,2022-07-25,30,35.971,19.187,27.57356944444443
860,2022-07-25,31,34.796,16.427,25.513520833333338
861,2022-07-25,32,31.37,16.237,23.731094202898557
862,2022-07-25,33,32.086,17.284,24.455104166666665
863,2022-07-25,34,34.691,19.472,26.71492361111111
864,2022-07-25,35,,,
865,2022-07-25,36,35.328,19.853,26.81936805555555
866,2022-07-25,37,35.222,19.662,27.083520833333328
867,2022-07-25,38,35.009,18.236,26.099284722222215
868,2022-07-25,39,35.115,17.094,26.23334722222221
869,2022-07-25,40,,,
870,2022-07-25,41,,,
871,2022-07-25,42,34.058,20.138,26.75375362318839
872,2022-07-25,45,35.864,19.567,27.209586956521722
873,2022-07-25,46,,,
874,2022-07-25,47,,,
875,2022-07-25,48,34.479,17.475,25.94564583333333
876,2022-07-25,50,,,
877,2022-07-25,51,33.848,18.806,26.252923611111097
878,2022-07-25,52,34.058,14.134,24.45271527777776
879,2022-07-25,53,35.542,20.043,26.99329166666665
880,2022-07-25,54,,,
881,2022-07-25,55,35.864,19.853,27.621430555555555
882,2022-07-25,57,35.542,19.377,26.901456521739114
883,2022-07-25,58,34.374,17.76,25.88171527777777
884,2022-07-25,59,35.009,16.808,25.961243055555556
885,2022-07-25,60,,,
886,2022-07-25,61,34.903,16.999,25.47104166666668
887,2022-07-25,62,35.115,17.189,26.007097222222196
888,2022-07-25,63,,,
889,2022-07-25,64,,,
890,2022-07-25,65,33.953,16.808,25.2708888888889
891,2022-07-25,68,35.328,19.092,27.112402777777774
892,2022-07-25,69,35.435,18.14,26.38980555555555
893,2022-07-25,70,35.328,19.662,27.391043478260865
894,2022-07-25,71,35.115,19.662,26.83524637681159
895,2022-07-25,73,34.903,18.711,26.575402777777768
896,2022-07-25,74,,,
897,2022-07-25,76,35.542,17.379,26.280111111111108
898,2022-07-25,77,,,
899,2022-07-25,78,33.848,18.616,25.84415942028985
900,2022-07-25,79,36.079,16.618,26.120979166666654
901,2022-07-25,80,35.756,17.95,26.31056944444444
902,2022-07-25,82,35.649,18.521,26.766395833333327
903,2022-07-25,83,35.649,18.996,26.982388888888867
904,2022-07-25,85,,,
905,2022-07-25,86,35.435,18.426,26.74089583333331
906,2022-07-25,87,33.953,17.855,25.18434722222223
907,2022-07-25,97,,,
908,2022-07-25,98,33.743,16.332,25.332090277777784
909,2022-07-25,99,33.639,16.808,25.38944444444445
910,2022-07-25,101,30.659,17.76,24.214291666666668
911,2022-07-25,102,35.864,18.996,26.743710144927526
912,2022-07-25,110,35.435,19.662,27.116249999999976
913,2022-07-25,111,,,
914,2022-07-25,112,35.542,17.95,26.665673611111107
915,2022-07-25,113,35.009,18.806,26.520152777777763
916,2022-07-25,114,35.009,18.521,26.600374999999982
917,2022-07-25,115,35.115,18.521,26.856416666666657
918,2022-07-25,116,34.374,17.094,25.73292361111113
919,2022-07-25,117,34.163,16.141,24.714687499999997
920,2022-07-25,118,35.222,18.996,26.625297101449252
921,2022-07-25,119,,,
922,2022-07-25,122,36.295,20.234,27.32036231884056
923,2022-07-25,124,35.328,19.662,27.08284782608695
924,2022-07-25,125,35.328,19.567,27.222695652173904
925,2022-07-25,131,35.756,18.045,26.58299305555554
926,2022-07-25,132,35.864,18.045,26.928555555555537
927,2022-07-25,133,34.374,17.57,26.088236111111108
928,2022-07-25,141,34.268,17.855,26.136069444444438
929,2022-07-25,142,34.585,17.475,25.864013888888888
930,2022-07-25,143,34.058,18.521,25.90279166666667
931,2022-07-25,151,34.479,18.996,26.822013888888886
932,2022-07-25,152,35.649,19.472,27.46236805555555
933,2022-07-25,153,35.435,19.282,27.014652777777762
934,2022-07-25,154,34.374,18.426,26.431874999999994
935,2022-07-25,155,35.009,18.616,26.989722222222223
