,hour,logger,uhi,Name,x,y,city_index
0,0,201,2.7558111111111123,Robert-Walser-Platz,7.241111393028388,47.13079517749481,0.7893681783435297
1,0,202,2.3884499826929733,Hafen,7.236273281519853,47.130697668001005,0.44421796506724875
2,0,203,3.273554698216736,Zentralplatz,7.2469608738162705,47.136632907460786,1.3341618562012054
3,0,204,1.5859001452432824,Stadtpark,7.253368987131442,47.14103925664875,-0.3331016596046047
4,0,205,1.566529731566428,Ile de la Suze,7.265148929721899,47.14474113093907,-0.37035866648186955
5,0,206,0.0,rural reference,7.295157258049944,47.13854844317897,-1.9197658280112746
6,0,207,-0.1759852843915343,Swiss Meteo Reference,7.415043620428569,47.17900519328959,-2.0833169712218935
7,0,208,1.466281412253375,Möösli,7.262326212167894,47.13000983323275,-0.48389093741321476
8,0,209,2.5108658315177923,Madrestch-Piano,7.25576387028088,47.135385241082226,0.5992872292842844
9,0,210,2.7216170033670055,Congresshaus,7.248791114258848,47.134961027557246,0.7988201466925022
10,0,211,1.9816338888888871,Mühlefeld,7.249229243522805,47.12814316650811,0.061149826499914135
11,0,212,1.7696050536517853,Seepark,7.230545882730043,47.133873786834684,-0.1746252221566734
12,0,213,1.1677727587400477,Port NBK,7.253961623819155,47.11991929762015,-0.7740947978235898
13,0,214,1.105293915343914,Längholz,7.266219234607871,47.12849563209389,-0.851201396755954
14,0,215,2.550271151885828,Old City,7.245634985865393,47.14201400637538,0.6211843229361201
15,0,216,2.3111787815853257,Nidau-mittestrasse,7.238831053622557,47.125199475937286,0.36931122502168523
16,0,217,1.2625384479717834,Geyisreid,7.283673321069929,47.14427564935802,-0.6221256149957276
17,0,218,3.2719384384384353,Bahnhof,7.243143648481159,47.13334736683636,1.276083277223209
18,0,219,3.1756330589849098,New City,7.246485268059931,47.13873185875089,1.2364498108224937
19,0,220,2.9664117063492057,Altersheim-Neumarkt,7.2512860040606695,47.13730019991995,0.9842532870487163
20,0,221,2.058676384305097,Champagne-Piano,7.263613252816366,47.14665459886711,0.13510205063349057
21,0,222,1.7849681069958834,Spital,7.244246935126219,47.147034375760036,-0.15054083038015872
22,0,223,2.178381966078229,Altersheim-erlacher,7.2573452439864825,47.1258438271483,0.2365144095145889
23,0,224,1.625960754332315,Bözingen,7.271159682945557,47.15111046676412,-0.3098171651591184
24,0,225,1.7142513227513223,Swisstennis,7.2784280163168065,47.159005975110944,-0.19308036407903784
25,0,226,1.9764946348217394,Port Thielle,7.25094956021827,47.12243292332993,0.03462707825809891
26,0,227,1.752227356068942,Altersheim-redenweg,7.260944155574042,47.15039277997535,-0.1616691085172064
27,0,228,1.7629135236153592,Südstrasse,7.271442786808509,47.14221612603856,-0.1653762570664075
28,0,229,2.367032191069572,Viaductstrasse,7.238633407181197,47.135700564647706,0.4025965812097342
29,0,230,2.016251004016064,Vingelz,7.220957635875876,47.13074150165554,0.15373701843523227
30,0,231,3.4005175565175607,Nidau-Lac,7.232283739199284,47.12621951507841,1.3260475548824073
31,0,232,2.4486357458375805,Champagne-Blumen,7.255567533607622,47.14423869874925,0.5149081985974954
32,0,233,2.5985027691242615,Madretsch-Zukunft,7.249217573272106,47.13327968634356,0.6566352125606262
33,0,234,0.7793143187830683,Bözingenfeld,7.292273509911332,47.15891885527405,-1.1280173680472916
34,0,235,1.2904812981298115,Altersheim-Reid,7.256578930803547,47.15067194726373,-0.6234151664563335
35,0,236,0.7370958504801085,Taubenloch,7.267614387206042,47.15370810175957,-1.1984130868959335
36,0,237,1.3588840939153446,Rolex,7.292424384479668,47.16303529232208,-0.5484475929150167
37,0,238,2.1799790584977514,Museum,7.241696082617558,47.13892945858104,0.21992217043532342
38,0,239,1.832777180406213,Nidau-wald,7.232609634845101,47.12543119683497,-0.15668368471381236
39,0,240,1.3353163580246918,Längholz-replacement,7.26624170539283,47.128434760378624,-0.8106372820530806
40,1,201,2.82411398467433,Robert-Walser-Platz,7.241111393028388,47.13079517749481,0.755696922354456
41,1,202,2.455955761316874,Hafen,7.236273281519853,47.130697668001005,0.4000451572335891
42,1,203,3.3807451580020396,Zentralplatz,7.2469608738162705,47.136632907460786,1.3251514284442256
43,1,204,1.6380861201006838,Stadtpark,7.253368987131442,47.14103925664875,-0.3803666958974387
44,1,205,1.791232154882156,Ile de la Suze,7.265148929721899,47.14474113093907,-0.25465952908613665
45,1,206,0.0,rural reference,7.295157258049944,47.13854844317897,-2.0172005287192123
46,1,207,-0.17739741068502118,Swiss Meteo Reference,7.415043620428569,47.17900519328959,-2.185793077990355
47,1,208,1.5367073045267494,Möösli,7.262326212167894,47.13000983323275,-0.5253245397361077
48,1,209,2.7186587558432196,Madrestch-Piano,7.25576387028088,47.135385241082226,0.7036048275127641
49,1,210,2.8062475809142455,Congresshaus,7.248791114258848,47.134961027557246,0.7728432916693301
50,1,211,2.117108544187751,Mühlefeld,7.249229243522805,47.12814316650811,0.0965291485684049
51,1,212,1.8660094307270256,Seepark,7.230545882730043,47.133873786834684,-0.18755366431523227
52,1,213,1.2173482510288072,Port NBK,7.253961623819155,47.11991929762015,-0.833716650012789
53,1,214,1.2294589947089958,Längholz,7.266219234607871,47.12849563209389,-0.7937596161661782
54,1,215,2.6960528619528605,Old City,7.245634985865393,47.14201400637538,0.6508503037555542
55,1,216,2.3442873799725676,Nidau-mittestrasse,7.238831053622557,47.125199475937286,0.2932224789309699
56,1,217,1.262761879804333,Geyisreid,7.283673321069929,47.14427564935802,-0.7137684980311801
57,1,218,3.336793816137565,Bahnhof,7.243143648481159,47.13334736683636,1.2363778388290456
58,1,219,3.432876826367655,New City,7.246485268059931,47.13873185875089,1.37787183188338
59,1,220,3.0510906260242496,Altersheim-Neumarkt,7.2512860040606695,47.13730019991995,0.9640414155693068
60,1,221,2.1730998547567197,Champagne-Piano,7.263613252816366,47.14665459886711,0.1513373769700005
61,1,222,1.99387359836901,Spital,7.244246935126219,47.147034375760036,-0.04971793893796632
62,1,223,2.218470507544582,Altersheim-erlacher,7.2573452439864825,47.1258438271483,0.16740560650298625
63,1,224,1.7549710437710442,Bözingen,7.271159682945557,47.15111046676412,-0.28699925376656943
64,1,225,1.6487227138643055,Swisstennis,7.2784280163168065,47.159005975110944,-0.35967295344102646
65,1,226,1.9977858367626868,Port Thielle,7.25094956021827,47.12243292332993,-0.05327906427890666
66,1,227,1.9065103485838775,Altersheim-redenweg,7.260944155574042,47.15039277997535,-0.10638168290163477
67,1,228,1.8704917508417525,Südstrasse,7.271442786808509,47.14221612603856,-0.1681517985396819
68,1,229,2.489642489711931,Viaductstrasse,7.238633407181197,47.135700564647706,0.4219604160773307
69,1,230,2.136916887125221,Vingelz,7.220957635875876,47.13074150165554,0.14983027471112287
70,1,231,3.700172364672366,Nidau-Lac,7.232283739199284,47.12621951507841,1.5278003172511865
71,1,232,2.579998316498312,Champagne-Blumen,7.255567533607622,47.14423869874925,0.5360494187998025
72,1,233,2.7863621399176925,Madretsch-Zukunft,7.249217573272106,47.13327968634356,0.7352972388761001
73,1,234,0.7376098000655519,Bözingenfeld,7.292273509911332,47.15891885527405,-1.2707858672397823
74,1,235,1.497614197530864,Altersheim-Reid,7.256578930803547,47.15067194726373,-0.5152778339546482
75,1,236,1.0410846075433235,Taubenloch,7.267614387206042,47.15370810175957,-1.002506929763654
76,1,237,1.2774359226483114,Rolex,7.292424384479668,47.16303529232208,-0.7309597446570194
77,1,238,2.396755144032921,Museum,7.241696082617558,47.13892945858104,0.32814660226351644
78,1,239,1.9468100358422937,Nidau-wald,7.232609634845101,47.12543119683497,-0.11344392316693064
79,1,240,1.7143827160493834,Längholz-replacement,7.26624170539283,47.128434760378624,-0.6289235393914215
80,2,201,2.8329364623243967,Robert-Walser-Platz,7.241111393028388,47.13079517749481,0.7123569039343447
81,2,202,2.510554355281209,Hafen,7.236273281519853,47.130697668001005,0.3897074241018518
82,2,203,3.41045582738702,Zentralplatz,7.2469608738162705,47.136632907460786,1.293198416041275
83,2,204,1.7548739661992119,Stadtpark,7.253368987131442,47.14103925664875,-0.3383378719848433
84,2,205,1.8822744107744112,Ile de la Suze,7.265148929721899,47.14474113093907,-0.22746245239991297
85,2,206,0.0,rural reference,7.295157258049944,47.13854844317897,-2.073790748896175
86,2,207,-0.11117502458210408,Swiss Meteo Reference,7.415043620428569,47.17900519328959,-2.1776252050287805
87,2,208,1.5088458504801108,Möösli,7.262326212167894,47.13000983323275,-0.6154791078846815
88,2,209,2.8062887450557326,Madrestch-Piano,7.25576387028088,47.135385241082226,0.7226972433191402
89,2,210,2.87715932599266,Congresshaus,7.248791114258848,47.134961027557246,0.7802094079687673
90,2,211,2.163727722772276,Mühlefeld,7.249229243522805,47.12814316650811,0.07323973795082897
91,2,212,1.9117481138545969,Seepark,7.230545882730043,47.133873786834684,-0.2061538553594274
92,2,213,1.3071683813443071,Port NBK,7.253961623819155,47.11991929762015,-0.8067905306102897
93,2,214,1.350341005291006,Längholz,7.266219234607871,47.12849563209389,-0.7651485188723094
94,2,215,2.7863617845117843,Old City,7.245634985865393,47.14201400637538,0.6731373509432539
95,2,216,2.3807824074074095,Nidau-mittestrasse,7.238831053622557,47.125199475937286,0.26682349545281026
96,2,217,1.3244404262753329,Geyisreid,7.283673321069929,47.14427564935802,-0.7165085771807471
97,2,218,3.3267008928571444,Bahnhof,7.243143648481159,47.13334736683636,1.1626098654426658
98,2,219,3.4689379884471605,New City,7.246485268059931,47.13873185875089,1.3495515906444502
99,2,220,3.117767453294006,Altersheim-Neumarkt,7.2512860040606695,47.13730019991995,0.967446990757196
100,2,221,2.251515795206972,Champagne-Piano,7.263613252816366,47.14665459886711,0.16605654315804694
101,2,222,2.0844288141352356,Spital,7.244246935126219,47.147034375760036,-0.01999359145108981
102,2,223,2.240969821673528,Altersheim-erlacher,7.2573452439864825,47.1258438271483,0.12701090971892842
103,2,224,1.872062962962962,Bözingen,7.271159682945557,47.15111046676412,-0.2379440977620897
104,2,225,1.658046378236642,Swisstennis,7.2784280163168065,47.159005975110944,-0.4084038022100344
105,2,226,1.9944432441700966,Port Thielle,7.25094956021827,47.12243292332993,-0.11951566778450098
106,2,227,2.0309740377632517,Altersheim-redenweg,7.260944155574042,47.15039277997535,-0.0495530816953675
107,2,228,1.9789585858585896,Südstrasse,7.271442786808509,47.14221612603856,-0.1240947572775221
108,2,229,2.516828360768176,Viaductstrasse,7.238633407181197,47.135700564647706,0.38180924243660325
109,2,230,2.2255575396825393,Vingelz,7.220957635875876,47.13074150165554,0.16804819231610169
110,2,231,3.9010531813865135,Nidau-Lac,7.232283739199284,47.12621951507841,1.6637518183357678
111,2,232,2.6470491582491564,Champagne-Blumen,7.255567533607622,47.14423869874925,0.5438344994191617
112,2,233,2.8424034636488322,Madretsch-Zukunft,7.249217573272106,47.13327968634356,0.7284445516942369
113,2,234,0.7593652900688301,Bözingenfeld,7.292273509911332,47.15891885527405,-1.307084890377849
114,2,235,1.6223901597676107,Altersheim-Reid,7.256578930803547,47.15067194726373,-0.45813695969101026
115,2,236,1.2269823309548082,Taubenloch,7.267614387206042,47.15370810175957,-0.8774400746315174
116,2,237,1.2752497541789594,Rolex,7.292424384479668,47.16303529232208,-0.7912004262677195
117,2,238,2.460331961591221,Museum,7.241696082617558,47.13892945858104,0.3274043375316982
118,2,239,2.0863201911589,Nidau-wald,7.232609634845101,47.12543119683497,-0.05490819202714429
119,2,240,1.9007484567901227,Längholz-replacement,7.26624170539283,47.128434760378624,-0.4277578864679564
120,3,201,2.7882254150702424,Robert-Walser-Platz,7.241111393028388,47.13079517749481,0.6749524672975433
121,3,202,2.4969804526748987,Hafen,7.236273281519853,47.130697668001005,0.3878579257290205
122,3,203,3.3595134216785616,Zentralplatz,7.2469608738162705,47.136632907460786,1.2583874769195322
123,3,204,1.7889390507011862,Stadtpark,7.253368987131442,47.14103925664875,-0.283092044652269
124,3,205,1.8624446127946106,Ile de la Suze,7.265148929721899,47.14474113093907,-0.23651481427950274
125,3,206,0.0,rural reference,7.295157258049944,47.13854844317897,-2.0702321301224336
126,3,207,-0.08817994100294956,Swiss Meteo Reference,7.415043620428569,47.17900519328959,-2.1481621702862856
127,3,208,1.453872427983539,Möösli,7.262326212167894,47.13000983323275,-0.6481920742709794
128,3,209,2.7895034160373977,Madrestch-Piano,7.25576387028088,47.135385241082226,0.7228667254385762
129,3,210,2.8364135802469135,Congresshaus,7.248791114258848,47.134961027557246,0.7510819896469243
130,3,211,2.1030936927026023,Mühlefeld,7.249229243522805,47.12814316650811,0.03600108686538256
131,3,212,1.8943803155006864,Seepark,7.230545882730043,47.133873786834684,-0.21101463319353825
132,3,213,1.3077614883401927,Port NBK,7.253961623819155,47.11991929762015,-0.791645508467103
133,3,214,1.38312037037037,Längholz,7.266219234607871,47.12849563209389,-0.7620555005232724
134,3,215,2.7826626262626255,Old City,7.245634985865393,47.14201400637538,0.6785587681524862
135,3,216,2.333952503429357,Nidau-mittestrasse,7.238831053622557,47.125199475937286,0.23454550662206047
136,3,217,1.2992246680642912,Geyisreid,7.283673321069929,47.14427564935802,-0.7273639115903164
137,3,218,3.2523002645502648,Bahnhof,7.243143648481159,47.13334736683636,1.1032513758888038
138,3,219,3.447782025144412,New City,7.246485268059931,47.13873185875089,1.3457084094592144
139,3,220,3.0815013110455594,Altersheim-Neumarkt,7.2512860040606695,47.13730019991995,0.9415494877154122
140,3,221,2.229519426289031,Champagne-Piano,7.263613252816366,47.14665459886711,0.16022336945881213
141,3,222,2.076955487597691,Spital,7.244246935126219,47.147034375760036,-0.017981560061671502
142,3,223,2.20172462277092,Altersheim-erlacher,7.2573452439864825,47.1258438271483,0.10231762596362412
143,3,224,1.9021589225589237,Bözingen,7.271159682945557,47.15111046676412,-0.18924424725229835
144,3,225,1.6283661094723034,Swisstennis,7.2784280163168065,47.159005975110944,-0.43161611981103065
145,3,226,1.95138683127572,Port Thielle,7.25094956021827,47.12243292332993,-0.14802016553157485
146,3,227,2.065722585330428,Altersheim-redenweg,7.260944155574042,47.15039277997535,0.003089882102567101
147,3,228,1.9888501683501676,Südstrasse,7.271442786808509,47.14221612603856,-0.10232943281886413
148,3,229,2.481456961591223,Viaductstrasse,7.238633407181197,47.135700564647706,0.3586673054438414
149,3,230,2.2100555555555568,Vingelz,7.220957635875876,47.13074150165554,0.15695200813110172
150,3,231,3.9445845204178562,Nidau-Lac,7.232283739199284,47.12621951507841,1.7884808411759654
151,3,232,2.6168297979798,Champagne-Blumen,7.255567533607622,47.14423869874925,0.5206226816234799
152,3,233,2.7950416666666684,Madretsch-Zukunft,7.249217573272106,47.13327968634356,0.6956346698593713
153,3,234,0.7701312684365782,Bözingenfeld,7.292273509911332,47.15891885527405,-1.2898509608467585
154,3,235,1.6379286492374734,Altersheim-Reid,7.256578930803547,47.15067194726373,-0.42470405399038863
155,3,236,1.3565645599728167,Taubenloch,7.267614387206042,47.15370810175957,-0.7383724876865451
156,3,237,1.2504546050475256,Rolex,7.292424384479668,47.16303529232208,-0.8095276242358096
157,3,238,2.4477390260630987,Museum,7.241696082617558,47.13892945858104,0.327998803608673
158,3,239,2.136754181600957,Nidau-wald,7.232609634845101,47.12543119683497,-0.03142792075885112
159,3,240,1.8736188271604926,Längholz-replacement,7.26624170539283,47.128434760378624,-0.503474311198704
160,4,201,2.805315932311624,Robert-Walser-Platz,7.241111393028388,47.13079517749481,0.654310585738761
161,4,202,2.545945987654318,Hafen,7.236273281519853,47.130697668001005,0.3962150784285057
162,4,203,3.3561080530071266,Zentralplatz,7.2469608738162705,47.136632907460786,1.2108732943595202
163,4,204,1.8294257461344845,Stadtpark,7.253368987131442,47.14103925664875,-0.29483756292699936
164,4,205,1.8737553872053871,Ile de la Suze,7.265148929721899,47.14474113093907,-0.26688376668060554
165,4,206,0.0,rural reference,7.295157258049944,47.13854844317897,-2.1087343217237438
166,4,207,-0.05252884300229412,Swiss Meteo Reference,7.415043620428569,47.17900519328959,-2.1582502116154583
167,4,208,1.4653636831275707,Möösli,7.262326212167894,47.13000983323275,-0.6850536084401817
168,4,209,2.8490960086299895,Madrestch-Piano,7.25576387028088,47.135385241082226,0.728400207862659
169,4,210,2.8506755088421762,Congresshaus,7.248791114258848,47.134961027557246,0.7175465815001534
170,4,211,2.1690155848918242,Mühlefeld,7.249229243522805,47.12814316650811,0.04840112422720532
171,4,212,1.9644895404663933,Seepark,7.230545882730043,47.133873786834684,-0.18233761517418823
172,4,213,1.4457590877914956,Port NBK,7.253961623819155,47.11991929762015,-0.6970253433737537
173,4,214,1.4085015873015883,Längholz,7.266219234607871,47.12849563209389,-0.7649300763470626
174,4,215,2.8578090909090896,Old City,7.245634985865393,47.14201400637538,0.7102230835324393
175,4,216,2.391397633744855,Nidau-mittestrasse,7.238831053622557,47.125199475937286,0.24861320257960726
176,4,217,1.3356609014675047,Geyisreid,7.283673321069929,47.14427564935802,-0.7464886892359583
177,4,218,3.25804712301587,Bahnhof,7.243143648481159,47.13334736683636,1.075849303450246
178,4,219,3.48708494733265,New City,7.246485268059931,47.13873185875089,1.3427347361584598
179,4,220,3.059556538839724,Altersheim-Neumarkt,7.2512860040606695,47.13730019991995,0.8885278516364146
180,4,221,2.260999818445896,Champagne-Piano,7.263613252816366,47.14665459886711,0.13401788736945355
181,4,222,2.1217781175671084,Spital,7.244246935126219,47.147034375760036,-0.017506665159218414
182,4,223,2.213543895747601,Altersheim-erlacher,7.2573452439864825,47.1258438271483,0.07075946458235087
183,4,224,1.9581845117845134,Bözingen,7.271159682945557,47.15111046676412,-0.17044391089561728
184,4,225,1.6384778761061953,Swisstennis,7.2784280163168065,47.159005975110944,-0.46724349250697034
185,4,226,1.994003943758574,Port Thielle,7.25094956021827,47.12243292332993,-0.1487804874066752
186,4,227,2.1330068990559186,Altersheim-redenweg,7.260944155574042,47.15039277997535,0.01591490612994748
187,4,228,1.9622388888888886,Südstrasse,7.271442786808509,47.14221612603856,-0.171346609883183
188,4,229,2.547352366255141,Viaductstrasse,7.238633407181197,47.135700564647706,0.3854965491934134
189,4,230,2.2939012345679,Vingelz,7.220957635875876,47.13074150165554,0.1882141351512695
190,4,231,4.094079772079773,Nidau-Lac,7.232283739199284,47.12621951507841,1.915615976108781
191,4,232,2.662519696969694,Champagne-Blumen,7.255567533607622,47.14423869874925,0.5146080392846519
192,4,233,2.848480452674896,Madretsch-Zukunft,7.249217573272106,47.13327968634356,0.7056960215096482
193,4,234,0.8181625696492957,Bözingenfeld,7.292273509911332,47.15891885527405,-1.2875587989638708
194,4,235,1.69161328976035,Altersheim-Reid,7.256578930803547,47.15067194726373,-0.42547870316562286
195,4,236,1.4645193679918453,Taubenloch,7.267614387206042,47.15370810175957,-0.6747654147344812
196,4,237,1.2635055719436252,Rolex,7.292424384479668,47.16303529232208,-0.8422157966695418
197,4,238,2.5487301097393704,Museum,7.241696082617558,47.13892945858104,0.3872619812921793
198,4,239,2.2451233572281954,Nidau-wald,7.232609634845101,47.12543119683497,0.05715914302597084
199,4,240,1.6487191358024686,Längholz-replacement,7.26624170539283,47.128434760378624,-0.5577742889183861
200,5,201,2.8234249680715213,Robert-Walser-Platz,7.241111393028388,47.13079517749481,0.6328090752980573
201,5,202,2.598831447187933,Hafen,7.236273281519853,47.130697668001005,0.4136664154066763
202,5,203,3.390025144410468,Zentralplatz,7.2469608738162705,47.136632907460786,1.211934042073914
203,5,204,1.8179412081984883,Stadtpark,7.253368987131442,47.14103925664875,-0.32882343701468125
204,5,205,1.8476351851851842,Ile de la Suze,7.265148929721899,47.14474113093907,-0.31944482827079673
205,5,206,0.0,rural reference,7.295157258049944,47.13854844317897,-2.150660734541594
206,5,207,0.04999213372664696,Swiss Meteo Reference,7.415043620428569,47.17900519328959,-2.0983844380807204
207,5,208,1.4740408093278452,Möösli,7.262326212167894,47.13000983323275,-0.7129083320680707
208,5,209,2.8816639697950373,Madrestch-Piano,7.25576387028088,47.135385241082226,0.7363348439077515
209,5,210,2.86711077744411,Congresshaus,7.248791114258848,47.134961027557246,0.6958742337380772
210,5,211,2.1707511917858464,Mühlefeld,7.249229243522805,47.12814316650811,0.02936935158057302
211,5,212,1.9762313100137172,Seepark,7.230545882730043,47.133873786834684,-0.2036940223037613
212,5,213,1.5080301783264767,Port NBK,7.253961623819155,47.11991929762015,-0.669600745047311
213,5,214,1.3999214285714283,Längholz,7.266219234607871,47.12849563209389,-0.7598459238538579
214,5,215,2.9112764309764345,Old City,7.245634985865393,47.14201400637538,0.7282369154197971
215,5,216,2.402387688614544,Nidau-mittestrasse,7.238831053622557,47.125199475937286,0.2247567652407546
216,5,217,1.371367575122293,Geyisreid,7.283673321069929,47.14427564935802,-0.740537884788992
217,5,218,3.2917645502645483,Bahnhof,7.243143648481159,47.13334736683636,1.0775255936211015
218,5,219,3.5477349643221188,New City,7.246485268059931,47.13873185875089,1.3688272299046018
219,5,220,3.065220419534576,Altersheim-Neumarkt,7.2512860040606695,47.13730019991995,0.8564992579922615
220,5,221,2.239623456790123,Champagne-Piano,7.263613252816366,47.14665459886711,0.09706509128405554
221,5,222,2.1721799184505586,Spital,7.244246935126219,47.147034375760036,-0.004087491282254356
222,5,223,2.2235322359396448,Altersheim-erlacher,7.2573452439864825,47.1258438271483,0.045901312565857416
223,5,224,2.035043771043772,Bözingen,7.271159682945557,47.15111046676412,-0.12926390398367762
224,5,225,1.7170426089806625,Swisstennis,7.2784280163168065,47.159005975110944,-0.43133396282670383
225,5,226,2.027588477366257,Port Thielle,7.25094956021827,47.12243292332993,-0.15004244600753117
226,5,227,2.1112409222948427,Altersheim-redenweg,7.260944155574042,47.15039277997535,-0.0290392129722194
227,5,228,1.9727946127946157,Südstrasse,7.271442786808509,47.14221612603856,-0.19600646376093925
228,5,229,2.5856666666666692,Viaductstrasse,7.238633407181197,47.135700564647706,0.3922658504363798
229,5,230,2.31359700176367,Vingelz,7.220957635875876,47.13074150165554,0.15021313766196814
230,5,231,4.261347340930674,Nidau-Lac,7.232283739199284,47.12621951507841,2.00556933538259
231,5,232,2.6749989898989917,Champagne-Blumen,7.255567533607622,47.14423869874925,0.4908989934270073
232,5,233,2.8917016460905316,Madretsch-Zukunft,7.249217573272106,47.13327968634356,0.7140707227167497
233,5,234,0.8911450344149464,Bözingenfeld,7.292273509911332,47.15891885527405,-1.2572315373924206
234,5,235,1.7118976034858393,Altersheim-Reid,7.256578930803547,47.15067194726373,-0.42838253178122454
235,5,236,1.538410975195379,Taubenloch,7.267614387206042,47.15370810175957,-0.6378564345374351
236,5,237,1.3235398230088493,Rolex,7.292424384479668,47.16303529232208,-0.8248367487985172
237,5,238,2.6224002057613194,Museum,7.241696082617558,47.13892945858104,0.426853438023967
238,5,239,2.2561759259259255,Nidau-wald,7.232609634845101,47.12543119683497,0.09486714666290834
239,5,240,1.6546373456790124,Längholz-replacement,7.26624170539283,47.128434760378624,-0.609989061285936
240,6,201,2.544761813537677,Robert-Walser-Platz,7.241111393028388,47.13079517749481,0.562020959267202
241,6,202,2.3597623456790164,Hafen,7.236273281519853,47.130697668001005,0.3807936090202986
242,6,203,3.150551308188922,Zentralplatz,7.2469608738162705,47.136632907460786,1.1740237765771273
243,6,204,1.560744516361021,Stadtpark,7.253368987131442,47.14103925664875,-0.3681853531510927
244,6,205,1.697752356902358,Ile de la Suze,7.265148929721899,47.14474113093907,-0.27465721765301077
245,6,206,0.0,rural reference,7.295157258049944,47.13854844317897,-1.9472061486052117
246,6,207,0.10747820386758432,Swiss Meteo Reference,7.415043620428569,47.17900519328959,-1.840165489161429
247,6,208,1.3498772290809318,Möösli,7.262326212167894,47.13000983323275,-0.6313542024275128
248,6,209,2.5638121179431854,Madrestch-Piano,7.25576387028088,47.135385241082226,0.640290712537237
249,6,210,2.7258019686352997,Congresshaus,7.248791114258848,47.134961027557246,0.7524439218455695
250,6,211,1.9239803813714726,Mühlefeld,7.249229243522805,47.12814316650811,-0.00017475395185147295
251,6,212,1.774177983539096,Seepark,7.230545882730043,47.133873786834684,-0.20066194653525687
252,6,213,1.4117661179698227,Port NBK,7.253961623819155,47.11991929762015,-0.5623421619916352
253,6,214,1.1752671957671954,Längholz,7.266219234607871,47.12849563209389,-0.8586229952836091
254,6,215,2.6939930976430957,Old City,7.245634985865393,47.14201400637538,0.7138912910326651
255,6,216,2.1654991426611807,Nidau-mittestrasse,7.238831053622557,47.125199475937286,0.1913908626997227
256,6,217,1.0938204053109717,Geyisreid,7.283673321069929,47.14427564935802,-0.8044787620861675
257,6,218,3.0060238095238088,Bahnhof,7.243143648481159,47.13334736683636,0.9994587328937449
258,6,219,3.271698946653075,New City,7.246485268059931,47.13873185875089,1.2937686509157516
259,6,220,2.795156997705667,Altersheim-Neumarkt,7.2512860040606695,47.13730019991995,0.7924621989274228
260,6,221,1.960070261437912,Champagne-Piano,7.263613252816366,47.14665459886711,0.03319078931309501
261,6,222,1.9738408086986068,Spital,7.244246935126219,47.147034375760036,0.0005063486931091832
262,6,223,1.9635222908093293,Altersheim-erlacher,7.2573452439864825,47.1258438271483,-0.01058598915212916
263,6,224,1.7813171717171716,Bözingen,7.271159682945557,47.15111046676412,-0.18851152771528545
264,6,225,1.5763865945591624,Swisstennis,7.2784280163168065,47.159005975110944,-0.3712570984698516
265,6,226,1.8868256172839504,Port Thielle,7.25094956021827,47.12243292332993,-0.08728266267750621
266,6,227,1.8478943355119855,Altersheim-redenweg,7.260944155574042,47.15039277997535,-0.07592361127642346
267,6,228,1.7950947811447802,Südstrasse,7.271442786808509,47.14221612603856,-0.17316723374317558
268,6,229,2.3805768175582975,Viaductstrasse,7.238633407181197,47.135700564647706,0.39000659619295514
269,6,230,2.1292367724867733,Vingelz,7.220957635875876,47.13074150165554,0.24097155568756443
270,6,231,4.086927113010457,Nidau-Lac,7.232283739199284,47.12621951507841,1.9862992400028765
271,6,232,2.419179124579124,Champagne-Blumen,7.255567533607622,47.14423869874925,0.43903993082289827
272,6,233,2.602873456790122,Madretsch-Zukunft,7.249217573272106,47.13327968634356,0.6287651768286662
273,6,234,0.793719927892495,Bözingenfeld,7.292273509911332,47.15891885527405,-1.1539237651365177
274,6,235,1.4937919389978214,Altersheim-Reid,7.256578930803547,47.15067194726373,-0.43002600779058503
275,6,236,1.358494393476045,Taubenloch,7.267614387206042,47.15370810175957,-0.6148400665294539
276,6,237,1.1578205506391341,Rolex,7.292424384479668,47.16303529232208,-0.7898231423898787
277,6,238,2.3974315843621388,Museum,7.241696082617558,47.13892945858104,0.40811603896906473
278,6,239,2.043299581839906,Nidau-wald,7.232609634845101,47.12543119683497,0.010701563989623936
279,6,240,1.622229938271607,Längholz-replacement,7.26624170539283,47.128434760378624,-0.661601964489986
280,7,201,1.4410312899106001,Robert-Walser-Platz,7.241111393028388,47.13079517749481,0.3476686682035555
281,7,202,1.3444843964334703,Hafen,7.236273281519853,47.130697668001005,0.23961848424259222
282,7,203,1.879849813115869,Zentralplatz,7.2469608738162705,47.136632907460786,0.7795267999131416
283,7,204,0.5836625314635021,Stadtpark,7.253368987131442,47.14103925664875,-0.4330214363615557
284,7,205,1.2528368686868692,Ile de la Suze,7.265148929721899,47.14474113093907,0.14823120291058572
285,7,206,0.0,rural reference,7.295157258049944,47.13854844317897,-1.0720864736117923
286,7,207,0.003817273025237491,Swiss Meteo Reference,7.415043620428569,47.17900519328959,-1.0674720043763117
287,7,208,0.8238175582990399,Möösli,7.262326212167894,47.13000983323275,-0.2929362295621218
288,7,209,1.3133281193815178,Madrestch-Piano,7.25576387028088,47.135385241082226,0.3056080185650691
289,7,210,1.8231608274941595,Congresshaus,7.248791114258848,47.134961027557246,0.7198037159129945
290,7,211,0.9578762376237625,Mühlefeld,7.249229243522805,47.12814316650811,-0.055749053368516654
291,7,212,1.0427261659807958,Seepark,7.230545882730043,47.133873786834684,-0.06201232383821588
292,7,213,0.8674710219478746,Port NBK,7.253961623819155,47.11991929762015,-0.23451111714299572
293,7,214,0.16338412698412683,Längholz,7.266219234607871,47.12849563209389,-1.1550039242934804
294,7,215,1.8315138047138049,Old City,7.245634985865393,47.14201400637538,0.7222633235267761
295,7,216,1.1629247256515776,Nidau-mittestrasse,7.238831053622557,47.125199475937286,0.060942586560707994
296,7,217,0.4144500349405999,Geyisreid,7.283673321069929,47.14427564935802,-0.5706232831233762
297,7,218,1.7774389880952366,Bahnhof,7.243143648481159,47.13334736683636,0.6527916726225174
298,7,219,1.999670744138631,New City,7.246485268059931,47.13873185875089,0.8986873488549398
299,7,220,1.633659619796786,Altersheim-Neumarkt,7.2512860040606695,47.13730019991995,0.5120250316878189
300,7,221,0.8987910312273054,Champagne-Piano,7.263613252816366,47.14665459886711,-0.10701437234695367
301,7,222,1.345040434930343,Spital,7.244246935126219,47.147034375760036,0.2479636220026777
302,7,223,0.951549725651577,Altersheim-erlacher,7.2573452439864825,47.1258438271483,-0.1504324134392921
303,7,224,0.7386020202020196,Bözingen,7.271159682945557,47.15111046676412,-0.3520637823401516
304,7,225,0.7833954441166836,Swisstennis,7.2784280163168065,47.159005975110944,-0.28789383328486856
305,7,226,1.4089260973936901,Port Thielle,7.25094956021827,47.12243292332993,0.30694395830282073
306,7,227,0.737379811183733,Altersheim-redenweg,7.260944155574042,47.15039277997535,-0.2718697572233431
307,7,228,1.0703666666666671,Südstrasse,7.271442786808509,47.14221612603856,-0.025259315053628342
308,7,229,1.3653467078189299,Viaductstrasse,7.238633407181197,47.135700564647706,0.255537253320153
309,7,230,1.2133007054673728,Vingelz,7.220957635875876,47.13074150165554,0.32333983978245695
310,7,231,2.86178988603989,Nidau-Lac,7.232283739199284,47.12621951507841,1.6055125462205306
311,7,232,1.446034343434343,Champagne-Blumen,7.255567533607622,47.14423869874925,0.34011370045237577
312,7,233,1.5196478052126208,Madretsch-Zukunft,7.249217573272106,47.13327968634356,0.4176656661217506
313,7,234,0.3340342510652248,Bözingenfeld,7.292273509911332,47.15891885527405,-0.7372550263363262
314,7,235,0.5195602759622366,Altersheim-Reid,7.256578930803547,47.15067194726373,-0.4896892924448396
315,7,236,0.3227813455657493,Taubenloch,7.267614387206042,47.15370810175957,-0.7742954673619153
316,7,237,0.2330081940347424,Rolex,7.292424384479668,47.16303529232208,-0.838281083366808
317,7,238,1.310804183813442,Museum,7.241696082617558,47.13892945858104,0.2010289116451449
318,7,239,1.2565340501792104,Nidau-wald,7.232609634845101,47.12543119683497,-0.10750518904187867
319,7,240,1.2773688271604946,Längholz-replacement,7.26624170539283,47.128434760378624,-0.7642035227182797
320,8,201,0.38586334610472556,Robert-Walser-Platz,7.241111393028388,47.13079517749481,0.09312379323507247
321,8,202,0.5727230795610426,Hafen,7.236273281519853,47.130697668001005,0.28686389021669456
322,8,203,0.4671967380224263,Zentralplatz,7.2469608738162705,47.136632907460786,0.17850830975440213
323,8,204,-0.28933495407887616,Stadtpark,7.253368987131442,47.14103925664875,-0.5578298381914075
324,8,205,0.9990878435339738,Ile de la Suze,7.265148929721899,47.14474113093907,0.7102816603568493
325,8,206,0.0,rural reference,7.295157258049944,47.13854844317897,-0.28517438446360427
326,8,207,-0.22589183874139637,Swiss Meteo Reference,7.415043620428569,47.17900519328959,-0.5111450088954465
327,8,208,0.21774811385459553,Möösli,7.262326212167894,47.13000983323275,-0.08061001550721107
328,8,209,0.1826932758000718,Madrestch-Piano,7.25576387028088,47.135385241082226,-0.08348811947102185
329,8,210,0.8302625959292622,Congresshaus,7.248791114258848,47.134961027557246,0.5344903470373806
330,8,211,0.5234534286762001,Mühlefeld,7.249229243522805,47.12814316650811,0.25905193383234615
331,8,212,0.6383787722908099,Seepark,7.230545882730043,47.133873786834684,0.3670652370180415
332,8,213,0.49412311385459573,Port NBK,7.253961623819155,47.11991929762015,0.2056258451542864
333,8,214,-1.2876312169312176,Längholz,7.266219234607871,47.12849563209389,-1.5997498550816043
334,8,215,0.7614769360269357,Old City,7.245634985865393,47.14201400637538,0.4556076181524179
335,8,216,0.5568727709190675,Nidau-mittestrasse,7.238831053622557,47.125199475937286,0.2683755022187585
336,8,217,0.4076649196366175,Geyisreid,7.283673321069929,47.14427564935802,0.14558516315545103
337,8,218,0.7802872992217254,Bahnhof,7.243143648481159,47.13334736683636,0.4738072533326265
338,8,219,0.5522638464152231,New City,7.246485268059931,47.13873185875089,0.2610140967914393
339,8,220,0.4034717695473253,Altersheim-Neumarkt,7.2512860040606695,47.13730019991995,0.10441290809440175
340,8,221,-0.007466594045025286,Champagne-Piano,7.263613252816366,47.14665459886711,-0.26584241139899706
341,8,222,0.4236495073054705,Spital,7.244246935126219,47.147034375760036,0.13476577599579098
342,8,223,-0.14073971193415627,Altersheim-erlacher,7.2573452439864825,47.1258438271483,-0.42923698063446575
343,8,224,-0.2276870370370366,Bözingen,7.271159682945557,47.15111046676412,-0.5130593762756398
344,8,225,0.48308013765978314,Swisstennis,7.2784280163168065,47.159005975110944,0.19782696750573345
345,8,226,0.9012625171467771,Port Thielle,7.25094956021827,47.12243292332993,0.612765248446467
346,8,227,-0.2605978576615833,Altersheim-redenweg,7.260944155574042,47.15039277997535,-0.5256485701356135
347,8,228,-0.04898989898989905,Südstrasse,7.271442786808509,47.14221612603856,-0.3423909369879777
348,8,229,0.6052095336076814,Viaductstrasse,7.238633407181197,47.135700564647706,0.3061057358382447
349,8,230,-0.05812588183421509,Vingelz,7.220957635875876,47.13074150165554,-0.2534711578887993
350,8,231,1.4485265906932578,Nidau-Lac,7.232283739199284,47.12621951507841,1.0409593746854346
351,8,232,0.8139936026936031,Champagne-Blumen,7.255567533607622,47.14423869874925,0.5100987685948959
352,8,233,0.7155800754458156,Madretsch-Zukunft,7.249217573272106,47.13327968634356,0.4270828067455073
353,8,234,0.14274483775811225,Bözingenfeld,7.292273509911332,47.15891885527405,-0.1425083323959385
354,8,235,0.43279121278140864,Altersheim-Reid,7.256578930803547,47.15067194726373,0.16774050030737914
355,8,236,-0.6536593611960587,Taubenloch,7.267614387206042,47.15370810175957,-0.9425430925057388
356,8,237,-0.5349215011471655,Rolex,7.292424384479668,47.16303529232208,-0.8201746713012151
357,8,238,0.05363837448559666,Museum,7.241696082617558,47.13892945858104,-0.2337022388030629
358,8,239,-0.38132974910394307,Nidau-wald,7.232609634845101,47.12543119683497,-0.697592820575414
359,8,240,-0.6927160493827161,Längholz-replacement,7.26624170539283,47.128434760378624,-1.4290643957380071
360,9,201,0.12984806276016647,Robert-Walser-Platz,7.241111393028388,47.13079517749481,0.18932888750134352
361,9,202,0.4448670421573647,Hafen,7.236273281519853,47.130697668001005,0.5213055086074531
362,9,203,-0.3770088345225961,Zentralplatz,7.2469608738162705,47.136632907460786,-0.31368905799567237
363,9,204,-0.46265907859078603,Stadtpark,7.253368987131442,47.14103925664875,-0.417620031407102
364,9,205,0.8529918822932523,Ile de la Suze,7.265148929721899,47.14474113093907,0.9309832862628019
365,9,206,0.0,rural reference,7.295157258049944,47.13854844317897,0.058278694354546
366,9,207,-0.31474008230452716,Swiss Meteo Reference,7.415043620428569,47.17900519328959,-0.2599436387771064
367,9,208,0.23599760315014565,Möösli,7.262326212167894,47.13000983323275,0.31600089113846663
368,9,209,-0.33344390594148293,Madrestch-Piano,7.25576387028088,47.135385241082226,-0.29243381236171856
369,9,210,0.292482145822953,Congresshaus,7.248791114258848,47.134961027557246,0.36334475876448197
370,9,211,0.45130261221486456,Mühlefeld,7.249229243522805,47.12814316650811,0.49439972427107404
371,9,212,-0.040312339989759326,Seepark,7.230545882730043,47.133873786834684,0.04078387387265977
372,9,213,-0.030354838709677413,Port NBK,7.253961623819155,47.11991929762015,0.03258227970881785
373,9,214,-1.7783861044815683,Längholz,7.266219234607871,47.12849563209389,-1.6244602102986385
374,9,215,-0.23549839824650146,Old City,7.245634985865393,47.14201400637538,-0.1834934241884686
375,9,216,0.4540979689366783,Nidau-mittestrasse,7.238831053622557,47.125199475937286,0.5170350873551743
376,9,217,0.3214847852547381,Geyisreid,7.283673321069929,47.14427564935802,0.3519475140836468
377,9,218,0.6026983650316985,Bahnhof,7.243143648481159,47.13334736683636,0.6602945720283543
378,9,219,-0.2860442073170732,New City,7.246485268059931,47.13873185875089,-0.22228551314833955
379,9,220,-0.3563925264550267,Altersheim-Neumarkt,7.2512860040606695,47.13730019991995,-0.2772460258106256
380,9,221,0.01982041553748888,Champagne-Piano,7.263613252816366,47.14665459886711,0.05511767635674839
381,9,222,0.00838017926602399,Spital,7.244246935126219,47.147034375760036,0.07085735876931114
382,9,223,-0.6532491842692775,Altersheim-erlacher,7.2573452439864825,47.1258438271483,-0.5903446292908524
383,9,224,-0.6334488281908619,Bözingen,7.271159682945557,47.15111046676412,-0.5689841379867501
384,9,225,0.3178062930186823,Swisstennis,7.2784280163168065,47.159005975110944,0.36898060757865536
385,9,226,0.5071285202252942,Port Thielle,7.25094956021827,47.12243292332993,0.57006563864379
386,9,227,-0.3585535682023492,Altersheim-redenweg,7.260944155574042,47.15039277997535,-0.3158749413345003
387,9,228,-0.07367906820848008,Südstrasse,7.271442786808509,47.14221612603856,-0.013187432945698067
388,9,229,0.16053251408090125,Viaductstrasse,7.238633407181197,47.135700564647706,0.21927400420275953
389,9,230,-0.5389283366206445,Vingelz,7.220957635875876,47.13074150165554,-0.4962038418640255
390,9,231,0.26163552724699174,Nidau-Lac,7.232283739199284,47.12621951507841,0.27036271535778195
391,9,232,0.5006639852522209,Champagne-Blumen,7.255567533607622,47.14423869874925,0.5683594044874981
392,9,233,0.30324475166410614,Madretsch-Zukunft,7.249217573272106,47.13327968634356,0.3661818700826018
393,9,234,0.23952141802067914,Bözingenfeld,7.292273509911332,47.15891885527405,0.2923756505618785
394,9,235,-0.1539268292682927,Altersheim-Reid,7.256578930803547,47.15067194726373,-0.11124820240044399
395,9,236,-0.8287454760696774,Taubenloch,7.267614387206042,47.15370810175957,-0.7662682965663895
396,9,237,0.025299019607843136,Rolex,7.292424384479668,47.16303529232208,0.0759902570796252
397,9,238,-0.596635944700461,Museum,7.241696082617558,47.13892945858104,-0.5314654078550379
398,9,239,-1.5795004444444443,Nidau-wald,7.232609634845101,47.12543119683497,-1.4074043865200947
399,9,240,-1.9842361111111129,Längholz-replacement,7.26624170539283,47.128434760378624,-1.7818643105062375
400,10,201,-0.1252198067632849,Robert-Walser-Platz,7.241111393028388,47.13079517749481,0.10823143897911953
401,10,202,0.021993034318722182,Hafen,7.236273281519853,47.130697668001005,0.2797194495537211
402,10,203,-0.8880227658851503,Zentralplatz,7.2469608738162705,47.136632907460786,-0.6454754315075445
403,10,204,-0.19207485569985566,Stadtpark,7.253368987131442,47.14103925664875,0.046249245384142566
404,10,205,0.7772624579124583,Ile de la Suze,7.265148929721899,47.14474113093907,1.0408351165840881
405,10,206,0.0,rural reference,7.295157258049944,47.13854844317897,0.2240975273505964
406,10,207,-0.2792169547325103,Swiss Meteo Reference,7.415043620428569,47.17900519328959,-0.048122815648038754
407,10,208,0.009503267973856267,Möösli,7.262326212167894,47.13000983323275,0.2758669783694897
408,10,209,-0.0019298813376480307,Madrestch-Piano,7.25576387028088,47.135385241082226,0.2422080745720105
409,10,210,-0.064326554232804,Congresshaus,7.248791114258848,47.134961027557246,0.1819907058318012
410,10,211,0.2743130306386129,Mühlefeld,7.249229243522805,47.12814316650811,0.5036743049554371
411,10,212,-0.5354631614769442,Seepark,7.230545882730043,47.133873786834684,-0.2751606700280915
412,10,213,-0.6855871309097114,Port NBK,7.253961623819155,47.11991929762015,-0.4336029152934344
413,10,214,-1.8696005291005289,Längholz,7.266219234607871,47.12849563209389,-1.4856496053162958
414,10,215,-0.6768385521885517,Old City,7.245634985865393,47.14201400637538,-0.4456316395106109
415,10,216,0.1777990797546013,Nidau-mittestrasse,7.238831053622557,47.125199475937286,0.4295023411802604
416,10,217,0.18820872274143297,Geyisreid,7.283673321069929,47.14427564935802,0.3872732711915897
417,10,218,0.2433858858858858,Bahnhof,7.243143648481159,47.13334736683636,0.48635906321192385
418,10,219,-0.7810428134556577,New City,7.246485268059931,47.13873185875089,-0.5376779778038413
419,10,220,-0.8302167332002672,Altersheim-Neumarkt,7.2512860040606695,47.13730019991995,-0.5636156174340549
420,10,221,0.13410302049622433,Champagne-Piano,7.263613252816366,47.14665459886711,0.36897678327083466
421,10,222,-0.35997534616683496,Spital,7.244246935126219,47.147034375760036,-0.1115141664349045
422,10,223,-0.8872249913464874,Altersheim-erlacher,7.2573452439864825,47.1258438271483,-0.6358964123094407
423,10,224,-0.29284023569023565,Bözingen,7.271159682945557,47.15111046676412,-0.03473598129950946
424,10,225,0.3478282076719581,Swisstennis,7.2784280163168065,47.159005975110944,0.5831823569672892
425,10,226,0.21087076923076906,Port Thielle,7.25094956021827,47.12243292332993,0.46184995667837503
426,10,227,0.22853003981179867,Altersheim-redenweg,7.260944155574042,47.15039277997535,0.45880564083186104
427,10,228,-0.07191107774441094,Südstrasse,7.271442786808509,47.14221612603856,0.16794968964061247
428,10,229,-0.08692643795869583,Viaductstrasse,7.238633407181197,47.135700564647706,0.17643381958850232
429,10,230,-0.7134729847494548,Vingelz,7.220957635875876,47.13074150165554,-0.5261430401988639
430,10,231,-0.5467686357243311,Nidau-Lac,7.232283739199284,47.12621951507841,-0.3569300143431716
431,10,232,0.3545308270676691,Champagne-Blumen,7.255567533607622,47.14423869874925,0.6031484427490806
432,10,233,0.0983085287121983,Madretsch-Zukunft,7.249217573272106,47.13327968634356,0.3498646572297599
433,10,234,0.16130935846560815,Bözingenfeld,7.292273509911332,47.15891885527405,0.39666350776094006
434,10,235,-0.6294453477868116,Altersheim-Reid,7.256578930803547,47.15067194726373,-0.4004382253207282
435,10,236,-0.7006851851851849,Taubenloch,7.267614387206042,47.15370810175957,-0.44651144124313114
436,10,237,0.32942245370370365,Rolex,7.292424384479668,47.16303529232208,0.5647766029990349
437,10,238,-1.0436569380440341,Museum,7.241696082617558,47.13892945858104,-0.7872067716754069
438,10,239,-2.355046861184793,Nidau-wald,7.232609634845101,47.12543119683497,-1.9363318935007994
439,10,240,-2.020532407407406,Längholz-replacement,7.26624170539283,47.128434760378624,-1.4962173172924038
440,11,201,-0.17471775223499364,Robert-Walser-Platz,7.241111393028388,47.13079517749481,0.017623605281088438
441,11,202,-0.13882520116418412,Hafen,7.236273281519853,47.130697668001005,0.08364191076209636
442,11,203,-0.8185844376486572,Zentralplatz,7.2469608738162705,47.136632907460786,-0.6062401722935618
443,11,204,-0.08131100217864923,Stadtpark,7.253368987131442,47.14103925664875,0.07750845704623963
444,11,205,0.8292710771840535,Ile de la Suze,7.265148929721899,47.14474113093907,1.0423194206998294
445,11,206,0.0,rural reference,7.295157258049944,47.13854844317897,0.18191462864019253
446,11,207,-0.15518084751418104,Swiss Meteo Reference,7.415043620428569,47.17900519328959,0.039706600396554784
447,11,208,-0.04161630321910694,Möösli,7.262326212167894,47.13000983323275,0.18362962992004564
448,11,209,0.19832362459546965,Madrestch-Piano,7.25576387028088,47.135385241082226,0.3878268763497956
449,11,210,-0.2019917328042328,Congresshaus,7.248791114258848,47.134961027557246,-0.005149035590215987
450,11,211,0.2837477777777773,Mühlefeld,7.249229243522805,47.12814316650811,0.46138577485100635
451,11,212,-0.8286568930041149,Seepark,7.230545882730043,47.133873786834684,-0.6071935112956193
452,11,213,-0.5352181069958848,Port NBK,7.253961623819155,47.11991929762015,-0.3270833170155603
453,11,214,-1.786517460317462,Längholz,7.266219234607871,47.12849563209389,-1.3954076224610206
454,11,215,-0.6066851851851849,Old City,7.245634985865393,47.14201400637538,-0.4227191585410867
455,11,216,0.2714163237311384,Nidau-mittestrasse,7.238831053622557,47.125199475937286,0.479551113711463
456,11,217,0.10133612858141158,Geyisreid,7.283673321069929,47.14427564935802,0.24695133192490076
457,11,218,0.23235631613756627,Bahnhof,7.243143648481159,47.13334736683636,0.43598727247934854
458,11,219,-0.734648657832144,New City,7.246485268059931,47.13873185875089,-0.524970827055467
459,11,220,-0.6293288690476186,Altersheim-Neumarkt,7.2512860040606695,47.13730019991995,-0.41545433175173124
460,11,221,0.19219237684286228,Champagne-Piano,7.263613252816366,47.14665459886711,0.3629029695054716
461,11,222,-0.4452273583290533,Spital,7.244246935126219,47.147034375760036,-0.23412274945170178
462,11,223,-0.27482277604707517,Altersheim-erlacher,7.2573452439864825,47.1258438271483,-0.05714436854422042
463,11,224,0.04133619962906759,Bözingen,7.271159682945557,47.15111046676412,0.25915954486704507
464,11,225,0.41987285052910006,Swisstennis,7.2784280163168065,47.159005975110944,0.6105181238057122
465,11,226,0.17196604938271595,Port Thielle,7.25094956021827,47.12243292332993,0.38010083936304057
466,11,227,0.4529753694581281,Altersheim-redenweg,7.260944155574042,47.15039277997535,0.6238641553901874
467,11,228,-0.022758388130163697,Südstrasse,7.271442786808509,47.14221612603856,0.18032137936628953
468,11,229,-0.23537397119341563,Viaductstrasse,7.238633407181197,47.135700564647706,-0.011364048629631765
469,11,230,-0.741246329169407,Vingelz,7.220957635875876,47.13074150165554,-0.642584269267108
470,11,231,-1.1172433192686337,Nidau-Lac,7.232283739199284,47.12621951507841,-0.925205866754526
471,11,232,0.542822222222223,Champagne-Blumen,7.255567533607622,47.14423869874925,0.7546115566438962
472,11,233,0.2975806451612907,Madretsch-Zukunft,7.249217573272106,47.13327968634356,0.5064658238320393
473,11,234,0.25970243417784383,Bözingenfeld,7.292273509911332,47.15891885527405,0.4511060378832502
474,11,235,-0.4947532894736842,Altersheim-Reid,7.256578930803547,47.15067194726373,-0.32282727923952714
475,11,236,-0.3943128834355829,Taubenloch,7.267614387206042,47.15370810175957,-0.1840940077067229
476,11,237,0.3921337632275134,Rolex,7.292424384479668,47.16303529232208,0.5827790365041254
477,11,238,-1.228108882030177,Museum,7.241696082617558,47.13892945858104,-1.0069244423566912
478,11,239,-2.6826560000000006,Nidau-wald,7.232609634845101,47.12543119683497,-2.2525010266408882
479,11,240,-2.183942901234568,Längholz-replacement,7.26624170539283,47.128434760378624,-1.4181826321665731
480,12,201,-0.221534163473819,Robert-Walser-Platz,7.241111393028388,47.13079517749481,-0.026529791436593304
481,12,202,-0.29004663923182444,Hafen,7.236273281519853,47.130697668001005,-0.0663418121326742
482,12,203,-0.6183042735042735,Zentralplatz,7.2469608738162705,47.136632907460786,-0.4010273819858006
483,12,204,-0.10329448075526543,Stadtpark,7.253368987131442,47.14103925664875,0.05363608104454345
484,12,205,0.7611802582398912,Ile de la Suze,7.265148929721899,47.14474113093907,0.9765431181007931
485,12,206,0.0,rural reference,7.295157258049944,47.13854844317897,0.1818324344449942
486,12,207,-0.2906081081081076,Swiss Meteo Reference,7.415043620428569,47.17900519328959,-0.09344172849095486
487,12,208,-0.052609726548978906,Möösli,7.262326212167894,47.13000983323275,0.17117662269389108
488,12,209,0.047486020334059645,Madrestch-Piano,7.25576387028088,47.135385241082226,0.24097420302401368
489,12,210,-0.34946129462796144,Congresshaus,7.248791114258848,47.134961027557246,-0.13908379221629721
490,12,211,0.2587062962962964,Mühlefeld,7.249229243522805,47.12814316650811,0.4354023264587722
491,12,212,-1.1794574759945122,Seepark,7.230545882730043,47.133873786834684,-0.9635822130840841
492,12,213,-0.37590812296067333,Port NBK,7.253961623819155,47.11991929762015,-0.16176006281642405
493,12,214,-1.687553968253968,Längholz,7.266219234607871,47.12849563209389,-1.2897424838482874
494,12,215,-0.3783323155216285,Old City,7.245634985865393,47.14201400637538,-0.1917819960547868
495,12,216,0.28534280792420336,Nidau-mittestrasse,7.238831053622557,47.125199475937286,0.49910351698961625
496,12,217,0.12793728162124418,Geyisreid,7.283673321069929,47.14427564935802,0.28004630165005284
497,12,218,0.12900760582010584,Bahnhof,7.243143648481159,47.13334736683636,0.3257124936067205
498,12,219,-0.012112470268433628,New City,7.246485268059931,47.13873185875089,0.2063979628805169
499,12,220,-0.29653819444444407,Altersheim-Neumarkt,7.2512860040606695,47.13730019991995,-0.09722113423698851
500,12,221,0.07977941176470563,Champagne-Piano,7.263613252816366,47.14665459886711,0.2526188089647711
501,12,222,-0.5650872770919062,Spital,7.244246935126219,47.147034375760036,-0.3527750782388658
502,12,223,0.042615957078573866,Altersheim-erlacher,7.2573452439864825,47.1258438271483,0.2598890241653458
503,12,224,0.12603058103975529,Bözingen,7.271159682945557,47.15111046676412,0.3459802218712306
504,12,225,0.3837379298941797,Swisstennis,7.2784280163168065,47.159005975110944,0.5760506552180138
505,12,226,0.11419470244238017,Port Thielle,7.25094956021827,47.12243292332993,0.32786179696479073
506,12,227,0.5229913824715808,Altersheim-redenweg,7.260944155574042,47.15039277997535,0.6947844746903067
507,12,228,0.016217974855589463,Südstrasse,7.271442786808509,47.14221612603856,0.22807910811200896
508,12,229,-0.42046244855967047,Viaductstrasse,7.238633407181197,47.135700564647706,-0.1942206693238581
509,12,230,-0.862120185922974,Vingelz,7.220957635875876,47.13074150165554,-0.7581922948434024
510,12,231,-1.5954994127319717,Nidau-Lac,7.232283739199284,47.12621951507841,-1.3965056511805078
511,12,232,0.7152621817568713,Champagne-Blumen,7.255567533607622,47.14423869874925,0.9353513862104199
512,12,233,0.4869665637860075,Madretsch-Zukunft,7.249217573272106,47.13327968634356,0.7017390986712502
513,12,234,0.25150784117450775,Bözingenfeld,7.292273509911332,47.15891885527405,0.44867422079166086
514,12,235,-0.7875060506050614,Altersheim-Reid,7.256578930803547,47.15067194726373,-0.6157129583863342
515,12,236,-0.3436603223593963,Taubenloch,7.267614387206042,47.15370810175957,-0.1313481235063559
516,12,237,0.40542248835662065,Rolex,7.292424384479668,47.16303529232208,0.5997644759522985
517,12,238,-1.4852971536351183,Museum,7.241696082617558,47.13892945858104,-1.2695132952831498
518,12,239,-2.8508556731334487,Nidau-wald,7.232609634845101,47.12543119683497,-2.4166289663495575
519,12,240,-2.0460570987654334,Längholz-replacement,7.26624170539283,47.128434760378624,-1.2879071093997319
520,13,201,-0.23457912457912458,Robert-Walser-Platz,7.241111393028388,47.13079517749481,-0.06974444980713593
521,13,202,-0.33626531671858795,Hafen,7.236273281519853,47.130697668001005,-0.1322675308686252
522,13,203,-0.3632762345679012,Zentralplatz,7.2469608738162705,47.136632907460786,-0.16087127912361177
523,13,204,0.17535130718954225,Stadtpark,7.253368987131442,47.14103925664875,0.3386993091203163
524,13,205,0.6326167176350665,Ile de la Suze,7.265148929721899,47.14474113093907,0.8255129569185352
525,13,206,0.0,rural reference,7.295157258049944,47.13854844317897,0.15513506932133594
526,13,207,-0.298663997330664,Swiss Meteo Reference,7.415043620428569,47.17900519328959,-0.13081230978522754
527,13,208,0.06946815507095871,Möösli,7.262326212167894,47.13000983323275,0.2681723901708475
528,13,209,-0.22248638344226598,Madrestch-Piano,7.25576387028088,47.135385241082226,-0.07447772133691409
529,13,210,-0.2884446112779444,Congresshaus,7.248791114258848,47.134961027557246,-0.1051097527417736
530,13,211,0.21668862832681898,Mühlefeld,7.249229243522805,47.12814316650811,0.37894989902047116
531,13,212,-1.4346744427164326,Seepark,7.230545882730043,47.133873786834684,-1.2412434497561748
532,13,213,-0.30427108328986285,Port NBK,7.253961623819155,47.11991929762015,-0.11181072333700443
533,13,214,-1.379007142857143,Längholz,7.266219234607871,47.12849563209389,-0.9572484117715805
534,13,215,-0.14119486918110777,Old City,7.245634985865393,47.14201400637538,0.043780036998958084
535,13,216,0.3883578892371996,Nidau-mittestrasse,7.238831053622557,47.125199475937286,0.5819482848881947
536,13,217,0.11744339622641471,Geyisreid,7.283673321069929,47.14427564935802,0.24862087305215322
537,13,218,0.08440126224879525,Bahnhof,7.243143648481159,47.13334736683636,0.25964323869231476
538,13,219,0.09926045953360735,New City,7.246485268059931,47.13873185875089,0.3044226815036822
539,13,220,-0.18212124231855187,Altersheim-Neumarkt,7.2512860040606695,47.13730019991995,-0.00585845273753049
540,13,221,0.13933387799564262,Champagne-Piano,7.263613252816366,47.14665459886711,0.2942350997186073
541,13,222,-0.6754252400548704,Spital,7.244246935126219,47.147034375760036,-0.48774454411543644
542,13,223,0.3576371527777774,Altersheim-erlacher,7.2573452439864825,47.1258438271483,0.5538868179144081
543,13,224,0.0709663608562691,Bözingen,7.271159682945557,47.15111046676412,0.2674854293910069
544,13,225,0.3196868535201871,Swisstennis,7.2784280163168065,47.159005975110944,0.48753854106562344
545,13,226,0.08549236111111111,Port Thielle,7.25094956021827,47.12243292332993,0.27691139253437097
546,13,227,0.46452236890355614,Altersheim-redenweg,7.260944155574042,47.15039277997535,0.618020989176526
547,13,228,-0.07103028756168121,Südstrasse,7.271442786808509,47.14221612603856,0.1176525517119421
548,13,229,-0.3678360853113175,Viaductstrasse,7.238633407181197,47.135700564647706,-0.1683680996876834
549,13,230,-0.8337948372615023,Vingelz,7.220957635875876,47.13074150165554,-0.7632844629616233
550,13,231,-1.8330384615384612,Nidau-Lac,7.232283739199284,47.12621951507841,-1.6337531733059356
551,13,232,0.8012599388379201,Champagne-Blumen,7.255567533607622,47.14423869874925,1.0041355795411562
552,13,233,0.5834944617514712,Madretsch-Zukunft,7.249217573272106,47.13327968634356,0.7802411819743613
553,13,234,0.3444325992659329,Bözingenfeld,7.292273509911332,47.15891885527405,0.5122842868113693
554,13,235,-0.9151408140814089,Altersheim-Reid,7.256578930803547,47.15067194726373,-0.761642193808438
555,13,236,-0.3569154663923185,Taubenloch,7.267614387206042,47.15370810175957,-0.16923477045288463
556,13,237,0.3831986986986985,Rolex,7.292424384479668,47.16303529232208,0.5510503862441356
557,13,238,-1.5422397389661675,Museum,7.241696082617558,47.13892945858104,-1.3517181894291723
558,13,239,-2.922868312757205,Nidau-wald,7.232609634845101,47.12543119683497,-2.439405396654118
559,13,240,-1.061828703703703,Längholz-replacement,7.26624170539283,47.128434760378624,-0.42362921785968577
560,14,201,-0.12566974408811135,Robert-Walser-Platz,7.241111393028388,47.13079517749481,-0.04931012941863977
561,14,202,-0.17420236851271365,Hafen,7.236273281519853,47.130697668001005,-0.07049401982956949
562,14,203,-0.04699758454106306,Zentralplatz,7.2469608738162705,47.136632907460786,0.06443786565891883
563,14,204,0.29337920321637406,Stadtpark,7.253368987131442,47.14103925664875,0.36524552719865644
564,14,205,0.5772630769230762,Ile de la Suze,7.265148929721899,47.14474113093907,0.6687187457453543
565,14,206,0.0,rural reference,7.295157258049944,47.13854844317897,0.06998206202607696
566,14,207,-0.22864647981314679,Swiss Meteo Reference,7.415043620428569,47.17900519328959,-0.15188451994715588
567,14,208,0.23730146290491158,Möösli,7.262326212167894,47.13000983323275,0.3374614978515038
568,14,209,-0.2859254385964916,Madrestch-Piano,7.25576387028088,47.135385241082226,-0.22901827500041336
569,14,210,-0.08974102047667015,Congresshaus,7.248791114258848,47.134961027557246,-0.00279676139009264
570,14,211,0.3494029180695847,Mühlefeld,7.249229243522805,47.12814316650811,0.41283030954522176
571,14,212,-1.3487579240682697,Seepark,7.230545882730043,47.133873786834684,-1.2539962489105037
572,14,213,-0.1801013277428374,Port NBK,7.253961623819155,47.11991929762015,-0.08371783436779222
573,14,214,-1.2536140491453005,Längholz,7.266219234607871,47.12849563209389,-0.9323195075276934
574,14,215,0.03495162393162352,Old City,7.245634985865393,47.14201400637538,0.13388503009220493
575,14,216,0.5046764500349402,Nidau-mittestrasse,7.238831053622557,47.125199475937286,0.6010599434099855
576,14,217,0.11322908962845571,Geyisreid,7.283673321069929,47.14427564935802,0.15298103877975439
577,14,218,0.26716347767707316,Bahnhof,7.243143648481159,47.13334736683636,0.34652322742402925
578,14,219,0.2667822636300898,New City,7.246485268059931,47.13873185875089,0.3740267879145078
579,14,220,-0.019057223890557154,Altersheim-Neumarkt,7.2512860040606695,47.13730019991995,0.07621959904041004
580,14,221,0.21723778143876998,Champagne-Piano,7.263613252816366,47.14665459886711,0.27215665788258475
581,14,222,-0.7623613271124932,Spital,7.244246935126219,47.147034375760036,-0.6695765791745557
582,14,223,0.6317330538085254,Altersheim-erlacher,7.2573452439864825,47.1258438271483,0.7281165471835702
583,14,224,-0.04633658119658118,Bözingen,7.271159682945557,47.15111046676412,0.04403589622917188
584,14,225,0.2948656990323647,Swisstennis,7.2784280163168065,47.159005975110944,0.3716276588983561
585,14,226,0.19425262054507306,Port Thielle,7.25094956021827,47.12243292332993,0.2906361139201183
586,14,227,0.3520779985283294,Altersheim-redenweg,7.260944155574042,47.15039277997535,0.4141595056757564
587,14,228,0.011570644718792614,Südstrasse,7.271442786808509,47.14221612603856,0.10467882402648507
588,14,229,-0.13981574364333008,Viaductstrasse,7.238633407181197,47.135700564647706,-0.027670391186203565
589,14,230,-0.7012612365959389,Vingelz,7.220957635875876,47.13074150165554,-0.7532984455620892
590,14,231,-1.6630498084291165,Nidau-Lac,7.232283739199284,47.12621951507841,-1.5469181914836794
591,14,232,0.8357999999999991,Champagne-Blumen,7.255567533607622,47.14423869874925,0.9426947217213307
592,14,233,0.7245350052246612,Madretsch-Zukunft,7.249217573272106,47.13327968634356,0.8195495222415797
593,14,234,0.4074634634634639,Bözingenfeld,7.292273509911332,47.15891885527405,0.4842254233294541
594,14,235,-0.7480737055463423,Altersheim-Reid,7.256578930803547,47.15067194726373,-0.6855176591556105
595,14,236,-0.2997551440329219,Taubenloch,7.267614387206042,47.15370810175957,-0.2066469647252298
596,14,237,0.4247679346012682,Rolex,7.292424384479668,47.16303529232208,0.5015298944672585
597,14,238,-1.5142150818530113,Museum,7.241696082617558,47.13892945858104,-1.4181852060010192
598,14,239,-2.7371583481877617,Nidau-wald,7.232609634845101,47.12543119683497,-2.3311817800214563
599,14,240,-1.1849768518518529,Längholz-replacement,7.26624170539283,47.128434760378624,-0.5651585561589901
600,15,201,0.1255990903183884,Robert-Walser-Platz,7.241111393028388,47.13079517749481,-0.015449014648825265
601,15,202,-0.05081795946890312,Hafen,7.236273281519853,47.130697668001005,-0.1652670442607956
602,15,203,0.36834406368985834,Zentralplatz,7.2469608738162705,47.136632907460786,0.2542494182990618
603,15,204,0.6050157682434908,Stadtpark,7.253368987131442,47.14103925664875,0.451458868297009
604,15,205,0.6961947873799722,Ile de la Suze,7.265148929721899,47.14474113093907,0.5644250403496832
605,15,206,0.0,rural reference,7.295157258049944,47.13854844317897,-0.14634909751207922
606,15,207,-0.11886369703036345,Swiss Meteo Reference,7.415043620428569,47.17900519328959,-0.2571353679596283
607,15,208,0.4423059049615658,Möösli,7.262326212167894,47.13000983323275,0.33266505715978106
608,15,209,-0.1810819581958196,Madrestch-Piano,7.25576387028088,47.135385241082226,-0.3386224419125212
609,15,210,0.11161094276094301,Congresshaus,7.248791114258848,47.134961027557246,-0.02465600346509284
610,15,211,0.5754994388327724,Mühlefeld,7.249229243522805,47.12814316650811,0.42309977114411806
611,15,212,-0.8736560097833682,Seepark,7.230545882730043,47.133873786834684,-0.9907176615447474
612,15,213,0.17253983228511513,Port NBK,7.253961623819155,47.11991929762015,0.05572799860874453
613,15,214,-0.8536167471819647,Längholz,7.266219234607871,47.12849563209389,-0.8200778662108538
614,15,215,0.21818672839506192,Old City,7.245634985865393,47.14201400637538,0.08838334025396892
615,15,216,0.7296640461215929,Nidau-mittestrasse,7.238831053622557,47.125199475937286,0.6128522124452228
616,15,217,0.24469717813051117,Geyisreid,7.283673321069929,47.14427564935802,0.06836550563491849
617,15,218,0.5908700336700347,Bahnhof,7.243143648481159,47.13334736683636,0.4434425653655793
618,15,219,0.5977350294219449,New City,7.246485268059931,47.13873185875089,0.4848875564371994
619,15,220,0.11129245912579254,Altersheim-Neumarkt,7.2512860040606695,47.13730019991995,-0.014070525311304531
620,15,221,0.5756742592592592,Champagne-Piano,7.263613252816366,47.14665459886711,0.42196804522004566
621,15,222,-0.6720271720318447,Spital,7.244246935126219,47.147034375760036,-0.7932264637231083
622,15,223,0.8835959119496856,Altersheim-erlacher,7.2573452439864825,47.1258438271483,0.7667840782733149
623,15,224,-0.09522565157750339,Bözingen,7.271159682945557,47.15111046676412,-0.21858313449182448
624,15,225,0.4059486152819487,Swisstennis,7.2784280163168065,47.159005975110944,0.267676944352684
625,15,226,0.44230642907058004,Port Thielle,7.25094956021827,47.12243292332993,0.32549459539420933
626,15,227,0.4076516666666666,Altersheim-redenweg,7.260944155574042,47.15039277997535,0.2509132972422009
627,15,228,0.23011711248285313,Südstrasse,7.271442786808509,47.14221612603856,0.10319757020747378
628,15,229,0.1902119147449336,Viaductstrasse,7.238633407181197,47.135700564647706,0.08356247284479319
629,15,230,-0.4988868312757198,Vingelz,7.220957635875876,47.13074150165554,-0.75034691160146
630,15,231,-1.1495363155363147,Nidau-Lac,7.232283739199284,47.12621951507841,-1.2291660468585368
631,15,232,0.9877213648834031,Champagne-Blumen,7.255567533607622,47.14423869874925,0.8667947433860529
632,15,233,0.8374411250873519,Madretsch-Zukunft,7.249217573272106,47.13327968634356,0.718573120908252
633,15,234,0.6269939939939941,Bözingenfeld,7.292273509911332,47.15891885527405,0.4887223230647298
634,15,235,-0.318561851851852,Altersheim-Reid,7.256578930803547,47.15067194726373,-0.4753002212763177
635,15,236,-0.05733956386292828,Taubenloch,7.267614387206042,47.15370810175957,-0.17853885555419133
636,15,237,0.613455955955955,Rolex,7.292424384479668,47.16303529232208,0.4751842850266916
637,15,238,-1.26671855345912,Museum,7.241696082617558,47.13892945858104,-1.3861703771627032
638,15,239,-2.5470355436081245,Nidau-wald,7.232609634845101,47.12543119683497,-2.4267708089243256
639,15,240,-1.393904320987654,Längholz-replacement,7.26624170539283,47.128434760378624,-0.9629837839308328
640,16,201,-0.026443632228720086,Robert-Walser-Platz,7.241111393028388,47.13079517749481,-0.21236819738037346
641,16,202,0.12514465408804998,Hafen,7.236273281519853,47.130697668001005,-0.0319836934249463
642,16,203,0.6029700588438907,Zentralplatz,7.2469608738162705,47.136632907460786,0.45119778650036235
643,16,204,0.7470522552255219,Stadtpark,7.253368987131442,47.14103925664875,0.575715577269871
644,16,205,0.5419058641975303,Ile de la Suze,7.265148929721899,47.14474113093907,0.382171404854453
645,16,206,0.0,rural reference,7.295157258049944,47.13854844317897,-0.19151206804114115
646,16,207,-0.06965882549215911,Swiss Meteo Reference,7.415043620428569,47.17900519328959,-0.23785388597522375
647,16,208,0.5270059399021664,Möösli,7.262326212167894,47.13000983323275,0.3801685039468961
648,16,209,-0.03524495782911662,Madrestch-Piano,7.25576387028088,47.135385241082226,-0.21123585856303487
649,16,210,0.19407777777777724,Congresshaus,7.248791114258848,47.134961027557246,0.02831889555843853
650,16,211,0.6198597081930408,Mühlefeld,7.249229243522805,47.12814316650811,0.44082464902299234
651,16,212,-0.4582023060796652,Seepark,7.230545882730043,47.133873786834684,-0.61973935186116
652,16,213,0.3773703703703698,Port NBK,7.253961623819155,47.11991929762015,0.22115885611930744
653,16,214,-0.20785882984433746,Längholz,7.266219234607871,47.12849563209389,-0.2695914655866783
654,16,215,-0.2907067901234572,Old City,7.245634985865393,47.14201400637538,-0.46628003642292104
655,16,216,0.7792928022361983,Nidau-mittestrasse,7.238831053622557,47.125199475937286,0.6230812879851351
656,16,217,0.38336772486772486,Geyisreid,7.283673321069929,47.14427564935802,0.18987073875035457
657,16,218,0.8578739057239048,Bahnhof,7.243143648481159,47.13334736683636,0.6647208232831266
658,16,219,0.6941851851851847,New City,7.246485268059931,47.13873185875089,0.5472035314439695
659,16,220,0.0393650316983649,Altersheim-Neumarkt,7.2512860040606695,47.13730019991995,-0.1408862608195375
660,16,221,0.7073574074074074,Champagne-Piano,7.263613252816366,47.14665459886711,0.5325520539469357
661,16,222,-0.6026548978885433,Spital,7.244246935126219,47.147034375760036,-0.7620877949120206
662,16,223,1.0580765199161422,Altersheim-erlacher,7.2573452439864825,47.1258438271483,0.9018650056650794
663,16,224,-0.44855881344307286,Bözingen,7.271159682945557,47.15111046676412,-0.6044203535706388
664,16,225,0.25914164164164166,Swisstennis,7.2784280163168065,47.159005975110944,0.09094658115857684
665,16,226,0.5581654437456324,Port Thielle,7.25094956021827,47.12243292332993,0.4019539294945697
666,16,227,0.05647351851851847,Altersheim-redenweg,7.260944155574042,47.15039277997535,-0.12578018476882513
667,16,228,0.4097698902606303,Südstrasse,7.271442786808509,47.14221612603856,0.24915601489936226
668,16,229,0.4033390985324953,Viaductstrasse,7.238633407181197,47.135700564647706,0.2554955511776124
669,16,230,-0.48863603109282117,Vingelz,7.220957635875876,47.13074150165554,-0.7308214889928655
670,16,231,-0.8221416546416546,Nidau-Lac,7.232283739199284,47.12621951507841,-0.9785371194772923
671,16,232,1.0689175240054873,Champagne-Blumen,7.255567533607622,47.14423869874925,0.9158839507336669
672,16,233,0.7349821802935008,Madretsch-Zukunft,7.249217573272106,47.13327968634356,0.579034782479684
673,16,234,0.5348328328328326,Bözingenfeld,7.292273509911332,47.15891885527405,0.36663777234976835
674,16,235,-0.6787338888888899,Altersheim-Reid,7.256578930803547,47.15067194726373,-0.860987592176233
675,16,236,-0.17986967808930449,Taubenloch,7.267614387206042,47.15370810175957,-0.3393025751127822
676,16,237,0.527876376376377,Rolex,7.292424384479668,47.16303529232208,0.3596813158933114
677,16,238,-1.144144304682041,Museum,7.241696082617558,47.13892945858104,-1.3049378501135875
678,16,239,-2.5335648148148144,Nidau-wald,7.232609634845101,47.12543119683497,-2.511940536646087
679,16,240,-1.17221450617284,Längholz-replacement,7.26624170539283,47.128434760378624,-0.9583756318751979
680,17,201,-0.1149686236454796,Robert-Walser-Platz,7.241111393028388,47.13079517749481,-0.3382910343098828
681,17,202,0.5026397148322029,Hafen,7.236273281519853,47.130697668001005,0.29562018125970785
682,17,203,0.9079633091034957,Zentralplatz,7.2469608738162705,47.136632907460786,0.7044863097382558
683,17,204,0.8070258525852593,Stadtpark,7.253368987131442,47.14103925664875,0.6022022314687632
684,17,205,0.4656646185355862,Ile de la Suze,7.265148929721899,47.14474113093907,0.2555701345034446
685,17,206,0.0,rural reference,7.295157258049944,47.13854844317897,-0.2279439624260061
686,17,207,-0.04994751702375028,Swiss Meteo Reference,7.415043620428569,47.17900519328959,-0.26187414775801365
687,17,208,0.6783315945053046,Möösli,7.262326212167894,47.13000983323275,0.477207424174444
688,17,209,0.13760744407774086,Madrestch-Piano,7.25576387028088,47.135385241082226,-0.07202769237487641
689,17,210,0.19725255572314393,Congresshaus,7.248791114258848,47.134961027557246,-0.007260049788670202
690,17,211,0.7154607182940522,Mühlefeld,7.249229243522805,47.12814316650811,0.4972959053261199
691,17,212,-0.05625213006433656,Seepark,7.230545882730043,47.133873786834684,-0.2634011534390463
692,17,213,0.5054533124673971,Port NBK,7.253961623819155,47.11991929762015,0.29731141676058115
693,17,214,-0.5477988276045828,Längholz,7.266219234607871,47.12849563209389,-0.6981028927664977
694,17,215,-0.4648369341563787,Old City,7.245634985865393,47.14201400637538,-0.6807397375411118
695,17,216,0.7837866458007298,Nidau-mittestrasse,7.238831053622557,47.125199475937286,0.575644750093915
696,17,217,0.47442239858906543,Geyisreid,7.283673321069929,47.14427564935802,0.25059342300393855
697,17,218,1.0802260767554879,Bahnhof,7.243143648481159,47.13334736683636,0.837326597481458
698,17,219,0.3453276220145377,New City,7.246485268059931,47.13873185875089,0.1463725050244512
699,17,220,0.11331772130875249,Altersheim-Neumarkt,7.2512860040606695,47.13730019991995,-0.10928845623506797
700,17,221,0.8297555555555551,Champagne-Piano,7.263613252816366,47.14665459886711,0.625072237425414
701,17,222,-0.4774177433247199,Spital,7.244246935126219,47.147034375760036,-0.6793162289193049
702,17,223,1.207844548774125,Altersheim-erlacher,7.2573452439864825,47.1258438271483,0.9997026530673101
703,17,224,-0.4451759685953242,Bözingen,7.271159682945557,47.15111046676412,-0.6487366251710275
704,17,225,0.2469757515362893,Swisstennis,7.2784280163168065,47.159005975110944,0.0350491208020258
705,17,226,0.6791787515214748,Port Thielle,7.25094956021827,47.12243292332993,0.4710368558146585
706,17,227,-0.2540290740740738,Altersheim-redenweg,7.260944155574042,47.15039277997535,-0.4653819919987464
707,17,228,0.6302529441884277,Südstrasse,7.271442786808509,47.14221612603856,0.4238761287748516
708,17,229,0.5840370370370368,Viaductstrasse,7.238633407181197,47.135700564647706,0.38764087589100027
709,17,230,-0.20569893206089523,Vingelz,7.220957635875876,47.13074150165554,-0.4835481658670336
710,17,231,-0.6463414575866179,Nidau-Lac,7.232283739199284,47.12621951507841,-0.845067383230155
711,17,232,0.8382933947772653,Champagne-Blumen,7.255567533607622,47.14423869874925,0.6280967912049895
712,17,233,0.6074491392801256,Madretsch-Zukunft,7.249217573272106,47.13327968634356,0.3993072435733095
713,17,234,0.5688764324862982,Bözingenfeld,7.292273509911332,47.15891885527405,0.35694980175203467
714,17,235,-0.8555551851851857,Altersheim-Reid,7.256578930803547,47.15067194726373,-1.0669081031098577
715,17,236,-0.5995028423772609,Taubenloch,7.267614387206042,47.15370810175957,-0.801401327971846
716,17,237,0.6297342634113929,Rolex,7.292424384479668,47.16303529232208,0.4178076326771299
717,17,238,-0.8829900886802291,Museum,7.241696082617558,47.13892945858104,-1.0938893118309674
718,17,239,-2.219614518518519,Nidau-wald,7.232609634845101,47.12543119683497,-2.2999260907882815
719,17,240,-1.1600814814814808,Längholz-replacement,7.26624170539283,47.128434760378624,-1.1724975168566
720,18,201,0.0037294685990336526,Robert-Walser-Platz,7.241111393028388,47.13079517749481,-0.2023344857846093
721,18,202,0.838115437867774,Hafen,7.236273281519853,47.130697668001005,0.6496087718245439
722,18,203,1.0718442721791552,Zentralplatz,7.2469608738162705,47.136632907460786,0.8666064905215696
723,18,204,0.8898590025669239,Stadtpark,7.253368987131442,47.14103925664875,0.6911385133659924
724,18,205,0.4179717974855592,Ile de la Suze,7.265148929721899,47.14474113093907,0.21962218084913016
725,18,206,0.0,rural reference,7.295157258049944,47.13854844317897,-0.20533778585482376
726,18,207,-0.037100198412698536,Swiss Meteo Reference,7.415043620428569,47.17900519328959,-0.24058186848456004
727,18,208,0.629339044652129,Möösli,7.262326212167894,47.13000983323275,0.4384047033957463
728,18,209,0.23374459112577944,Madrestch-Piano,7.25576387028088,47.135385241082226,0.03194406892154874
729,18,210,0.08805855855855835,Congresshaus,7.248791114258848,47.134961027557246,-0.10787033791820344
730,18,211,0.7419713804713814,Mühlefeld,7.249229243522805,47.12814316650811,0.5308293192420874
731,18,212,-0.16807563170647302,Seepark,7.230545882730043,47.133873786834684,-0.3603479050358023
732,18,213,0.37042782969885757,Port NBK,7.253961623819155,47.11991929762015,0.16785818611635864
733,18,214,-0.9313243386243394,Längholz,7.266219234607871,47.12849563209389,-1.0768907068835298
734,18,215,-0.36298963642541615,Old City,7.245634985865393,47.14201400637538,-0.5746527860820867
735,18,216,0.5230905157493945,Nidau-mittestrasse,7.238831053622557,47.125199475937286,0.3205208721668953
736,18,217,0.5064620811287479,Geyisreid,7.283673321069929,47.14427564935802,0.2927354145843493
737,18,218,1.2202045378712054,Bahnhof,7.243143648481159,47.13334736683636,0.9926610187276727
738,18,219,0.285584190672154,New City,7.246485268059931,47.13873185875089,0.09033143417454227
739,18,220,0.22163558201058223,Altersheim-Neumarkt,7.2512860040606695,47.13730019991995,0.022777454042968912
740,18,221,0.8797751851851865,Champagne-Piano,7.263613252816366,47.14665459886711,0.6819852185904821
741,18,222,-0.6502493141289438,Spital,7.244246935126219,47.147034375760036,-0.8461587906869599
742,18,223,1.108141225337487,Altersheim-erlacher,7.2573452439864825,47.1258438271483,0.9055715817549878
743,18,224,-0.4049865783214408,Bözingen,7.271159682945557,47.15111046676412,-0.5992837384630388
744,18,225,0.30312566137566105,Swisstennis,7.2784280163168065,47.159005975110944,0.09964399130379978
745,18,226,0.8459963655244033,Port Thielle,7.25094956021827,47.12243292332993,0.643426721941904
746,18,227,-0.42418111111111106,Altersheim-redenweg,7.260944155574042,47.15039277997535,-0.628044467777494
747,18,228,0.7199945633707096,Südstrasse,7.271442786808509,47.14221612603856,0.5250630373728867
748,18,229,0.6077026652821047,Viaductstrasse,7.238633407181197,47.135700564647706,0.4133532847102769
749,18,230,-0.06901964769647669,Vingelz,7.220957635875876,47.13074150165554,-0.2821206395167737
750,18,231,-0.37563366571699885,Nidau-Lac,7.232283739199284,47.12621951507841,-0.5909512559057851
751,18,232,0.46127234114848775,Champagne-Blumen,7.255567533607622,47.14423869874925,0.25520485280680194
752,18,233,0.3904141571478024,Madretsch-Zukunft,7.249217573272106,47.13327968634356,0.18784451356530282
753,18,234,0.5881671626984131,Bözingenfeld,7.292273509911332,47.15891885527405,0.3846854926265514
754,18,235,-0.9151033333333335,Altersheim-Reid,7.256578930803547,47.15067194726373,-1.118966689999717
755,18,236,-1.363406378600824,Taubenloch,7.267614387206042,47.15370810175957,-1.5593158551588382
756,18,237,0.7680745701058198,Rolex,7.292424384479668,47.16303529232208,0.564592900033958
757,18,238,-0.6261713395638628,Museum,7.241696082617558,47.13892945858104,-0.8305150654580727
758,18,239,-2.0040423280423267,Nidau-wald,7.232609634845101,47.12543119683497,-2.116821340221046
759,18,240,-0.9389387464387474,Längholz-replacement,7.26624170539283,47.128434760378624,-0.9503240817527681
760,19,201,0.42823285024154556,Robert-Walser-Platz,7.241111393028388,47.13079517749481,0.14812058244747323
761,19,202,0.8904063689858078,Hafen,7.236273281519853,47.130697668001005,0.6301347066415086
762,19,203,1.3709814814814805,Zentralplatz,7.2469608738162705,47.136632907460786,1.114517912193757
763,19,204,0.6463674367436736,Stadtpark,7.253368987131442,47.14103925664875,0.418009905943194
764,19,205,0.2336388039415564,Ile de la Suze,7.265148929721899,47.14474113093907,-0.010091911928741868
765,19,206,0.0,rural reference,7.295157258049944,47.13854844317897,-0.2645152741545437
766,19,207,0.020663525132275165,Swiss Meteo Reference,7.415043620428569,47.17900519328959,-0.23100215590287454
767,19,208,0.4455436137071649,Möösli,7.262326212167894,47.13000983323275,0.19990605790144422
768,19,209,0.4586729006233954,Madrestch-Piano,7.25576387028088,47.135385241082226,0.24556563870945197
769,19,210,0.5739177140941846,Congresshaus,7.248791114258848,47.134961027557246,0.3339143940924126
770,19,211,0.7595647212869445,Mühlefeld,7.249229243522805,47.12814316650811,0.5300016349480339
771,19,212,-0.485190031152648,Seepark,7.230545882730043,47.133873786834684,-0.7439955149042381
772,19,213,0.5223843890619594,Port NBK,7.253961623819155,47.11991929762015,0.26379561074439956
773,19,214,-0.5009380952380954,Längholz,7.266219234607871,47.12849563209389,-0.7395008715354267
774,19,215,-0.08842915392456686,Old City,7.245634985865393,47.14201400637538,-0.3563238460851206
775,19,216,0.4903070266528213,Nidau-mittestrasse,7.238831053622557,47.125199475937286,0.2314014677642103
776,19,217,0.5337728000000004,Geyisreid,7.283673321069929,47.14427564935802,0.30389810814060647
777,19,218,1.3293348348348364,Bahnhof,7.243143648481159,47.13334736683636,1.031090422717949
778,19,219,0.6645970507544581,New City,7.246485268059931,47.13873185875089,0.41241460709493555
779,19,220,0.7474285714285719,Altersheim-Neumarkt,7.2512860040606695,47.13730019991995,0.46906290544253676
780,19,221,0.6283333333333325,Champagne-Piano,7.263613252816366,47.14665459886711,0.40911993563966187
781,19,222,-0.9636135116598076,Spital,7.244246935126219,47.147034375760036,-1.21602034373007
782,19,223,0.7941581862236075,Altersheim-erlacher,7.2573452439864825,47.1258438271483,0.5390943187547353
783,19,224,-0.1548594971117902,Bözingen,7.271159682945557,47.15111046676412,-0.4162874674842974
784,19,225,0.3154447751322752,Swisstennis,7.2784280163168065,47.159005975110944,0.06011010747161083
785,19,226,1.0632267220491516,Port Thielle,7.25094956021827,47.12243292332993,0.805826963026914
786,19,227,-0.3996781481481481,Altersheim-redenweg,7.260944155574042,47.15039277997535,-0.6255052385682568
787,19,228,0.6837361535847777,Südstrasse,7.271442786808509,47.14221612603856,0.43605671994468
788,19,229,0.27815835929387306,Viaductstrasse,7.238633407181197,47.135700564647706,0.01615850014600958
789,19,230,-0.6003385275519417,Vingelz,7.220957635875876,47.13074150165554,-0.7962495076151108
790,19,231,0.19193019943020037,Nidau-Lac,7.232283739199284,47.12621951507841,-0.13778511047481307
791,19,232,0.39315375467210345,Champagne-Blumen,7.255567533607622,47.14423869874925,0.14386841728936522
792,19,233,0.6071448598130851,Madretsch-Zukunft,7.249217573272106,47.13327968634356,0.3507802791337188
793,19,234,0.6297045304232807,Bözingenfeld,7.292273509911332,47.15891885527405,0.37517644492017094
794,19,235,-1.008088703703703,Altersheim-Reid,7.256578930803547,47.15067194726373,-1.238187567663521
795,19,236,-1.9145015432098755,Taubenloch,7.267614387206042,47.15370810175957,-2.174612082934708
796,19,237,0.7631474867724873,Rolex,7.292424384479668,47.16303529232208,0.5071431938913641
797,19,238,-0.3944882312218758,Museum,7.241696082617558,47.13892945858104,-0.6622671743973126
798,19,239,-1.3680799529688419,Nidau-wald,7.232609634845101,47.12543119683497,-1.5930322324784671
799,19,240,-0.09319800569800617,Längholz-replacement,7.26624170539283,47.128434760378624,-0.6016958617860066
800,20,201,1.1762375201288253,Robert-Walser-Platz,7.241111393028388,47.13079517749481,0.4895024729032847
801,20,202,0.9757450674974044,Hafen,7.236273281519853,47.130697668001005,0.30340344688928733
802,20,203,1.8160639574759951,Zentralplatz,7.2469608738162705,47.136632907460786,1.1639677711285596
803,20,204,0.5146345801246786,Stadtpark,7.253368987131442,47.14103925664875,-0.10082943217667528
804,20,205,0.43494444444444436,Ile de la Suze,7.265148929721899,47.14474113093907,-0.22900386543447132
805,20,206,0.0,rural reference,7.295157258049944,47.13854844317897,-0.6583598159713197
806,20,207,0.08960449735449728,Swiss Meteo Reference,7.415043620428569,47.17900519328959,-0.5590825830002628
807,20,208,0.7315631706472825,Möösli,7.262326212167894,47.13000983323275,0.056652941838782125
808,20,209,1.1076470480381368,Madrestch-Piano,7.25576387028088,47.135385241082226,0.5030820316681216
809,20,210,1.318274074074073,Congresshaus,7.248791114258848,47.134961027557246,0.6754625427418549
810,20,211,1.031813879536101,Mühlefeld,7.249229243522805,47.12814316650811,0.41819998477849313
811,20,212,0.12910661128418138,Seepark,7.230545882730043,47.133873786834684,-0.5336739941881534
812,20,213,0.758827102803738,Port NBK,7.253961623819155,47.11991929762015,0.09986389083752946
813,20,214,0.09302301587301574,Längholz,7.266219234607871,47.12849563209389,-0.7069995848085924
814,20,215,0.6628047910295621,Old City,7.245634985865393,47.14201400637538,-0.005114976545582146
815,20,216,0.9926742817583943,Nidau-mittestrasse,7.238831053622557,47.125199475937286,0.32010034488416894
816,20,217,0.6269296652421654,Geyisreid,7.283673321069929,47.14427564935802,0.02167886382790228
817,20,218,1.8930210210210212,Bahnhof,7.243143648481159,47.13334736683636,1.1795157328206654
818,20,219,1.3933287037037048,New City,7.246485268059931,47.13873185875089,0.7355139020809397
819,20,220,1.5114568452380945,Altersheim-Neumarkt,7.2512860040606695,47.13730019991995,0.821829368062508
820,20,221,0.7814022222222217,Champagne-Piano,7.263613252816366,47.14665459886711,0.166211362944283
821,20,222,-0.34162962962962956,Spital,7.244246935126219,47.147034375760036,-1.004630896245701
822,20,223,1.2015432675666302,Altersheim-erlacher,7.2573452439864825,47.1258438271483,0.5416855643629058
823,20,224,0.23629663608562684,Bözingen,7.271159682945557,47.15111046676412,-0.4501305452115932
824,20,225,0.6720419973544975,Swisstennis,7.2784280163168065,47.159005975110944,0.01588332981520671
825,20,226,1.3016330910349592,Port Thielle,7.25094956021827,47.12243292332993,0.6445566206043326
826,20,227,-0.010341111111110806,Altersheim-redenweg,7.260944155574042,47.15039277997535,-0.6327329939242394
827,20,228,0.7427784573564393,Südstrasse,7.271442786808509,47.14221612603856,0.08593142255235064
828,20,229,0.7627239529248873,Viaductstrasse,7.238633407181197,47.135700564647706,0.09144110352391842
829,20,230,-0.036546747967479865,Vingelz,7.220957635875876,47.13074150165554,-0.6171805614469944
830,20,231,1.0572929724596392,Nidau-Lac,7.232283739199284,47.12621951507841,0.3257817046428271
831,20,232,0.9214444444444435,Champagne-Blumen,7.255567533607622,47.14423869874925,0.26097319126824925
832,20,233,1.2560889581169958,Madretsch-Zukunft,7.249217573272106,47.13327968634356,0.5925051802751151
833,20,234,0.625519014550265,Bözingenfeld,7.292273509911332,47.15891885527405,-0.029480649208064445
834,20,235,-0.7095951851851843,Altersheim-Reid,7.256578930803547,47.15067194726373,-1.3377214427691235
835,20,236,-1.5028614540466412,Taubenloch,7.267614387206042,47.15370810175957,-2.18110116467927
836,20,237,0.7372700066137565,Rolex,7.292424384479668,47.16303529232208,0.07880925574113254
837,20,238,0.32977120110765,Museum,7.241696082617558,47.13892945858104,-0.3417475851647702
838,20,239,-0.34235214579659023,Nidau-wald,7.232609634845101,47.12543119683497,-1.1398379457465249
839,20,240,0.2478846153846149,Längholz-replacement,7.26624170539283,47.128434760378624,-0.9298149810481542
840,21,201,1.9815261813537666,Robert-Walser-Platz,7.241111393028388,47.13079517749481,0.7294538086536625
841,21,202,1.6350643004115228,Hafen,7.236273281519853,47.130697668001005,0.4403969276132125
842,21,203,2.476746177370032,Zentralplatz,7.2469608738162705,47.136632907460786,1.2774798498018254
843,21,204,0.8833858024691357,Stadtpark,7.253368987131442,47.14103925664875,-0.2580033005843154
844,21,205,0.7932393939393939,Ile de la Suze,7.265148929721899,47.14474113093907,-0.4102514884766117
845,21,206,0.0,rural reference,7.295157258049944,47.13854844317897,-1.2088096355856222
846,21,207,-0.15820272041953481,Swiss Meteo Reference,7.415043620428569,47.17900519328959,-1.3361689294179506
847,21,208,0.9649384430727026,Möösli,7.262326212167894,47.13000983323275,-0.2554008838345986
848,21,209,1.72236855482934,Madrestch-Piano,7.25576387028088,47.135385241082226,0.5767545477401984
849,21,210,1.9967210543877196,Congresshaus,7.248791114258848,47.134961027557246,0.8038248525529114
850,21,211,1.443265185185185,Mühlefeld,7.249229243522805,47.12814316650811,0.30478596247056794
851,21,212,0.9774525034293553,Seepark,7.230545882730043,47.133873786834684,-0.20786889730261188
852,21,213,0.7324144375857342,Port NBK,7.253961623819155,47.11991929762015,-0.46833224811902296
853,21,214,0.49373317683881024,Längholz,7.266219234607871,47.12849563209389,-0.8858627617286321
854,21,215,1.5184860269360272,Old City,7.245634985865393,47.14201400637538,0.3196818120805833
855,21,216,1.622121399176955,Nidau-mittestrasse,7.238831053622557,47.125199475937286,0.42137471347219685
856,21,217,0.8276375661375664,Geyisreid,7.283673321069929,47.14427564935802,-0.28929064178785374
857,21,218,2.576953538359787,Bahnhof,7.243143648481159,47.13334736683636,1.2974972370816937
858,21,219,2.1667385321100885,New City,7.246485268059931,47.13873185875089,0.969345921230396
859,21,220,2.2451674860701405,Altersheim-Neumarkt,7.2512860040606695,47.13730019991995,0.979559609164536
860,21,221,1.2296437477081057,Champagne-Piano,7.263613252816366,47.14665459886711,0.08479997402207684
861,21,222,0.5384413863404687,Spital,7.244246935126219,47.147034375760036,-0.660630204776735
862,21,223,1.5892167352537716,Altersheim-erlacher,7.2573452439864825,47.1258438271483,0.38847004954901454
863,21,224,0.6647656565656563,Bözingen,7.271159682945557,47.15111046676412,-0.5415120587814302
864,21,225,1.1892658144870534,Swisstennis,7.2784280163168065,47.159005975110944,0.011299605488636228
865,21,226,1.5474989711934162,Port Thielle,7.25094956021827,47.12243292332993,0.34675228548865816
866,21,227,0.5960788412174555,Altersheim-redenweg,7.260944155574042,47.15039277997535,-0.5412091156847547
867,21,228,1.0618380471380495,Südstrasse,7.271442786808509,47.14221612603856,-0.13331814035974973
868,21,229,1.5186951303155014,Viaductstrasse,7.238633407181197,47.135700564647706,0.32068793794168926
869,21,230,0.9388888888888892,Vingelz,7.220957635875876,47.13074150165554,-0.18700692467036792
870,21,231,2.1000140075973426,Nidau-Lac,7.232283739199284,47.12621951507841,0.8530630514612663
871,21,232,1.5675893939393946,Champagne-Blumen,7.255567533607622,47.14423869874925,0.3677676855646868
872,21,233,1.8579597050754455,Madretsch-Zukunft,7.249217573272106,47.13327968634356,0.6572130193706873
873,21,234,0.6420442477876106,Bözingenfeld,7.292273509911332,47.15891885527405,-0.5359219612108067
874,21,235,-0.014707370737073766,Altersheim-Reid,7.256578930803547,47.15067194726373,-1.1519953276392836
875,21,236,-0.7176994563370706,Taubenloch,7.267614387206042,47.15370810175957,-1.9167710474542736
876,21,237,1.1234841035726002,Rolex,7.292424384479668,47.16303529232208,-0.05448210542581799
877,21,238,1.2094118655692732,Museum,7.241696082617558,47.13892945858104,0.00642133800842244
878,21,239,0.744618753674309,Nidau-wald,7.232609634845101,47.12543119683497,-0.6614338973524921
879,21,240,0.6242378917378912,Längholz-replacement,7.26624170539283,47.128434760378624,-1.0635408673561717
880,22,201,2.6575897190293736,Robert-Walser-Platz,7.241111393028388,47.13079517749481,0.8298052452725282
881,22,202,2.264810871056242,Hafen,7.236273281519853,47.130697668001005,0.4897091268579506
882,22,203,3.137525144410463,Zentralplatz,7.2469608738162705,47.136632907460786,1.3610664818051046
883,22,204,1.3914802106027615,Stadtpark,7.253368987131442,47.14103925664875,-0.33770748361763386
884,22,205,1.3022478114478127,Ile de la Suze,7.265148929721899,47.14474113093907,-0.4694669607068494
885,22,206,0.0,rural reference,7.295157258049944,47.13854844317897,-1.7805158045172955
886,22,207,0.019866601114388545,Swiss Meteo Reference,7.415043620428569,47.17900519328959,-1.7322513109630207
887,22,208,1.3440992798353926,Möösli,7.262326212167894,47.13000983323275,-0.44110467785585405
888,22,209,2.2904809368191708,Madrestch-Piano,7.25576387028088,47.135385241082226,0.5649836980402144
889,22,210,2.593208041374711,Congresshaus,7.248791114258848,47.134961027557246,0.833942349864653
890,22,211,1.9410183333333368,Mühlefeld,7.249229243522805,47.12814316650811,0.2048039019248668
891,22,212,1.6572817215363493,Seepark,7.230545882730043,47.133873786834684,-0.11818312903430574
892,22,213,1.1347422839506163,Port NBK,7.253961623819155,47.11991929762015,-0.6423475465924096
893,22,214,0.8828615023474174,Längholz,7.266219234607871,47.12849563209389,-0.8900236270459481
894,22,215,2.249092929292928,Old City,7.245634985865393,47.14201400637538,0.4867244519447396
895,22,216,2.247176097393687,Nidau-mittestrasse,7.238831053622557,47.125199475937286,0.4700862668506629
896,22,217,1.1863915343915328,Geyisreid,7.283673321069929,47.14427564935802,-0.5248948037698663
897,22,218,3.2089637896825414,Bahnhof,7.243143648481159,47.13334736683636,1.3549664941480606
898,22,219,2.9280030581039767,New City,7.246485268059931,47.13873185875089,1.152034570429443
899,22,220,2.8456529006882985,Altersheim-Neumarkt,7.2512860040606695,47.13730019991995,1.0158331503196765
900,22,221,1.793101576824349,Champagne-Piano,7.263613252816366,47.14665459886711,0.05624754264012859
901,22,222,1.3857295276928312,Spital,7.244246935126219,47.147034375760036,-0.38237841792684535
902,22,223,2.0958798010973942,Altersheim-erlacher,7.2573452439864825,47.1258438271483,0.31878997055436714
903,22,224,1.2400569023569028,Bözingen,7.271159682945557,47.15111046676412,-0.5315539813558168
904,22,225,1.731272205834152,Swisstennis,7.2784280163168065,47.159005975110944,-0.020845706243257163
905,22,226,1.9867685185185195,Port Thielle,7.25094956021827,47.12243292332993,0.20967868797549183
906,22,227,1.331057572423909,Altersheim-redenweg,7.260944155574042,47.15039277997535,-0.39586824455375835
907,22,228,1.5089691919191908,Südstrasse,7.271442786808509,47.14221612603856,-0.2519400672552788
908,22,229,2.201429526748971,Viaductstrasse,7.238633407181197,47.135700564647706,0.4125016205432479
909,22,230,1.7411008478357874,Vingelz,7.220957635875876,47.13074150165554,0.02658892820655637
910,22,231,2.9569596391263024,Nidau-Lac,7.232283739199284,47.12621951507841,1.0805076346464773
911,22,232,2.211690404040402,Champagne-Blumen,7.255567533607622,47.14423869874925,0.4449461825248776
912,22,233,2.4609185528120716,Madretsch-Zukunft,7.249217573272106,47.13327968634356,0.6838287222690443
913,22,234,0.9603762700753854,Bözingenfeld,7.292273509911332,47.15891885527405,-0.791741642002025
914,22,235,0.82293270993766,Altersheim-Reid,7.256578930803547,47.15067194726373,-0.9039931070400063
915,22,236,0.059148148148148116,Taubenloch,7.267614387206042,47.15370810175957,-1.7089597974715267
916,22,237,1.5828592264831216,Rolex,7.292424384479668,47.16303529232208,-0.16925868559428947
917,22,238,1.9474429012345664,Museum,7.241696082617558,47.13892945858104,0.1568014203430475
918,22,239,1.414701058201058,Nidau-wald,7.232609634845101,47.12543119683497,-0.3616085323720613
919,22,240,1.0985897435897438,Längholz-replacement,7.26624170539283,47.128434760378624,-0.930136296395911
920,23,201,2.804522349936146,Robert-Walser-Platz,7.241111393028388,47.13079517749481,0.8051219120251865
921,23,202,2.4288847736625523,Hafen,7.236273281519853,47.130697668001005,0.47109547152976916
922,23,203,3.31639534488617,Zentralplatz,7.2469608738162705,47.136632907460786,1.3572384252023284
923,23,204,1.5818612926652162,Stadtpark,7.253368987131442,47.14103925664875,-0.3444040755569155
924,23,205,1.5360838383838404,Ile de la Suze,7.265148929721899,47.14474113093907,-0.41121629201903304
925,23,206,0.0,rural reference,7.295157258049944,47.13854844317897,-1.951105111466068
926,23,207,-0.0636206161914124,Swiss Meteo Reference,7.415043620428569,47.17900519328959,-1.9938717499546776
927,23,208,1.448212448559672,Möösli,7.262326212167894,47.13000983323275,-0.5061722052379076
928,23,209,2.495231481481484,Madrestch-Piano,7.25576387028088,47.135385241082226,0.5717523618328554
929,23,210,2.756821654988324,Congresshaus,7.248791114258848,47.134961027557246,0.8198990108999131
930,23,211,2.0420914814814846,Mühlefeld,7.249229243522805,47.12814316650811,0.10868697194157721
931,23,212,1.8958240740740733,Seepark,7.230545882730043,47.133873786834684,-0.06583079109649335
932,23,213,1.2123448216735275,Port NBK,7.253961623819155,47.11991929762015,-0.744397472052109
933,23,214,1.0630712050078255,Längholz,7.266219234607871,47.12849563209389,-0.8629297397890171
934,23,215,2.5448345117845133,Old City,7.245634985865393,47.14201400637538,0.6031029475745429
935,23,216,2.358368484224969,Nidau-mittestrasse,7.238831053622557,47.125199475937286,0.40162619049933035
936,23,217,1.2882111111111112,Geyisreid,7.283673321069929,47.14427564935802,-0.6177951874305155
937,23,218,3.3488609457671945,Bahnhof,7.243143648481159,47.13334736683636,1.3295295722901124
938,23,219,3.171408426775399,New City,7.246485268059931,47.13873185875089,1.210737763826666
939,23,220,3.007642084562441,Altersheim-Neumarkt,7.2512860040606695,47.13730019991995,1.0004747376342003
940,23,221,2.046099743307665,Champagne-Piano,7.263613252816366,47.14665459886711,0.11200178006685274
941,23,222,1.7680871559633027,Spital,7.244246935126219,47.147034375760036,-0.18180069088204479
942,23,223,2.2333153292181103,Altersheim-erlacher,7.2573452439864825,47.1258438271483,0.2765730354924711
943,23,224,1.5405368686868701,Bözingen,7.271159682945557,47.15111046676412,-0.4087074424615101
944,23,225,1.8331645362176312,Swisstennis,7.2784280163168065,47.159005975110944,-0.09708659754563198
945,23,226,2.0505680727023328,Port Thielle,7.25094956021827,47.12243292332993,0.09382577897669657
946,23,227,1.6767788778877883,Altersheim-redenweg,7.260944155574042,47.15039277997535,-0.24945932545641558
947,23,228,1.7030735690235708,Südstrasse,7.271442786808509,47.14221612603856,-0.23786278986445697
948,23,229,2.4040951646090556,Viaductstrasse,7.238633407181197,47.135700564647706,0.4291331499644359
949,23,230,2.0756970102632786,Vingelz,7.220957635875876,47.13074150165554,0.16105515484140512
950,23,231,3.285212013295348,Nidau-Lac,7.232283739199284,47.12621951507841,1.2115916114876204
951,23,232,2.4596764309764314,Champagne-Blumen,7.255567533607622,47.14423869874925,0.5123133703867361
952,23,233,2.6068868312757214,Madretsch-Zukunft,7.249217573272106,47.13327968634356,0.6501445375500843
953,23,234,0.9092587676171756,Bözingenfeld,7.292273509911332,47.15891885527405,-1.0209923661460898
954,23,235,1.2186527319398615,Altersheim-Reid,7.256578930803547,47.15067194726373,-0.7075854714043436
955,23,236,0.48359106354060477,Taubenloch,7.267614387206042,47.15370810175957,-1.4662967833047427
956,23,237,1.5568169452638483,Rolex,7.292424384479668,47.16303529232208,-0.3734341884994175
957,23,238,2.1970077160493844,Museum,7.241696082617558,47.13892945858104,0.2242192360505221
958,23,239,1.778006760728984,Nidau-wald,7.232609634845101,47.12543119683497,-0.2393199219772641
959,23,240,1.14684472934473,Längholz-replacement,7.26624170539283,47.128434760378624,-0.9503525280957166
